id,song_popularity
0,0
1,0
2,1
3,1
4,1
5,1
6,1
7,0
8,0
9,0
10,1
11,0
12,1
13,0
14,1
15,1
16,1
17,1
18,0
19,1
20,1
21,0
22,1
23,0
24,0
25,1
26,1
27,1
28,1
29,1
30,1
31,0
32,1
33,1
34,1
35,0
36,1
37,1
38,1
39,1
40,0
41,1
42,1
43,0
44,1
45,0
46,1
47,1
48,1
49,0
50,0
51,0
52,1
53,1
54,1
55,1
56,1
57,1
58,0
59,1
60,1
61,0
62,0
63,1
64,0
65,1
66,1
67,1
68,1
69,1
70,1
71,1
72,0
73,0
74,1
75,1
76,0
77,0
78,1
79,1
80,0
81,1
82,1
83,1
84,1
85,1
86,1
87,0
88,0
89,1
90,1
91,1
92,1
93,1
94,1
95,1
96,0
97,1
98,0
99,1
100,1
101,1
102,1
103,1
104,1
105,1
106,1
107,1
108,1
109,0
110,0
111,0
112,1
113,1
114,1
115,1
116,1
117,1
118,1
119,1
120,0
121,1
122,1
123,1
124,1
125,0
126,0
127,1
128,0
129,0
130,0
131,0
132,0
133,1
134,1
135,0
136,1
137,1
138,0
139,1
140,1
141,1
142,1
143,1
144,1
145,1
146,1
147,1
148,0
149,0
150,1
151,1
152,1
153,1
154,1
155,0
156,0
157,0
158,0
159,1
160,0
161,1
162,1
163,0
164,0
165,0
166,1
167,1
168,0
169,1
170,1
171,1
172,1
173,0
174,0
175,1
176,0
177,1
178,1
179,0
180,1
181,0
182,0
183,1
184,1
185,0
186,0
187,0
188,1
189,1
190,1
191,1
192,1
193,1
194,1
195,1
196,1
197,0
198,1
199,1
200,1
201,1
202,1
203,0
204,0
205,0
206,1
207,0
208,1
209,0
210,0
211,0
212,1
213,1
214,1
215,1
216,0
217,1
218,0
219,0
220,1
221,1
222,1
223,1
224,1
225,1
226,0
227,0
228,0
229,0
230,1
231,1
232,0
233,1
234,1
235,1
236,0
237,0
238,0
239,0
240,1
241,1
242,1
243,1
244,1
245,1
246,1
247,0
248,1
249,0
250,1
251,1
252,1
253,1
254,0
255,1
256,1
257,1
258,1
259,1
260,1
261,1
262,1
263,1
264,0
265,1
266,1
267,1
268,1
269,0
270,0
271,0
272,1
273,1
274,1
275,1
276,1
277,1
278,0
279,0
280,1
281,1
282,1
283,1
284,1
285,1
286,0
287,1
288,1
289,1
290,1
291,1
292,0
293,1
294,1
295,0
296,1
297,0
298,1
299,0
300,1
301,1
302,1
303,1
304,0
305,1
306,0
307,0
308,0
309,1
310,1
311,1
312,1
313,0
314,1
315,0
316,0
317,0
318,0
319,1
320,1
321,1
322,1
323,1
324,0
325,0
326,0
327,0
328,1
329,0
330,1
331,0
332,0
333,1
334,0
335,1
336,1
337,1
338,1
339,0
340,1
341,1
342,1
343,1
344,1
345,1
346,1
347,1
348,1
349,0
350,0
351,0
352,1
353,1
354,0
355,0
356,1
357,0
358,0
359,1
360,1
361,1
362,1
363,1
364,1
365,1
366,0
367,1
368,0
369,1
370,0
371,0
372,1
373,1
374,1
375,0
376,0
377,1
378,1
379,0
380,0
381,1
382,0
383,1
384,1
385,1
386,1
387,0
388,0
389,1
390,1
391,1
392,1
393,1
394,1
395,1
396,1
397,0
398,0
399,0
400,1
401,1
402,1
403,1
404,1
405,1
406,1
407,1
408,0
409,1
410,0
411,1
412,1
413,1
414,1
415,1
416,1
417,1
418,1
419,1
420,1
421,1
422,0
423,1
424,1
425,1
426,1
427,1
428,1
429,1
430,1
431,0
432,0
433,1
434,1
435,1
436,1
437,1
438,0
439,1
440,1
441,1
442,0
443,1
444,0
445,1
446,0
447,1
448,1
449,0
450,0
451,0
452,1
453,1
454,1
455,0
456,1
457,1
458,1
459,1
460,1
461,1
462,1
463,1
464,0
465,0
466,1
467,1
468,0
469,1
470,0
471,1
472,1
473,1
474,1
475,1
476,1
477,1
478,1
479,0
480,1
481,0
482,0
483,0
484,1
485,1
486,1
487,1
488,1
489,1
490,1
491,1
492,1
493,1
494,0
495,1
496,1
497,0
498,0
499,1
500,0
501,1
502,1
503,1
504,1
505,1
506,1
507,1
508,0
509,1
510,0
511,1
512,0
513,1
514,0
515,1
516,0
517,1
518,0
519,0
520,0
521,1
522,0
523,1
524,1
525,1
526,1
527,1
528,0
529,1
530,0
531,0
532,1
533,0
534,1
535,1
536,1
537,0
538,1
539,0
540,0
541,1
542,1
543,0
544,1
545,1
546,1
547,0
548,1
549,1
550,1
551,0
552,0
553,1
554,1
555,1
556,1
557,1
558,0
559,1
560,1
561,1
562,0
563,1
564,1
565,1
566,1
567,0
568,1
569,1
570,1
571,1
572,1
573,1
574,0
575,1
576,0
577,0
578,0
579,1
580,1
581,1
582,1
583,1
584,0
585,0
586,0
587,0
588,1
589,0
590,0
591,1
592,0
593,1
594,0
595,1
596,1
597,1
598,1
599,0
600,1
601,1
602,1
603,0
604,1
605,1
606,1
607,1
608,1
609,0
610,0
611,1
612,1
613,0
614,1
615,0
616,1
617,0
618,0
619,0
620,1
621,1
622,0
623,0
624,0
625,1
626,1
627,0
628,1
629,1
630,1
631,1
632,0
633,1
634,1
635,0
636,0
637,0
638,0
639,1
640,1
641,0
642,1
643,1
644,1
645,0
646,1
647,1
648,1
649,0
650,0
651,1
652,1
653,1
654,1
655,1
656,1
657,1
658,1
659,0
660,1
661,0
662,0
663,0
664,0
665,1
666,0
667,0
668,0
669,0
670,1
671,1
672,1
673,1
674,1
675,0
676,1
677,0
678,1
679,0
680,0
681,0
682,1
683,1
684,0
685,1
686,0
687,0
688,1
689,0
690,0
691,1
692,1
693,1
694,1
695,0
696,1
697,0
698,1
699,1
700,1
701,1
702,1
703,1
704,1
705,1
706,1
707,1
708,1
709,1
710,1
711,1
712,1
713,1
714,0
715,1
716,1
717,1
718,1
719,1
720,1
721,0
722,1
723,1
724,1
725,1
726,0
727,1
728,1
729,1
730,1
731,1
732,0
733,1
734,1
735,1
736,1
737,1
738,1
739,1
740,1
741,1
742,1
743,0
744,1
745,0
746,1
747,1
748,0
749,1
750,1
751,1
752,1
753,1
754,1
755,1
756,1
757,0
758,0
759,0
760,1
761,0
762,1
763,1
764,0
765,0
766,1
767,1
768,1
769,1
770,1
771,0
772,0
773,1
774,1
775,1
776,1
777,1
778,1
779,1
780,1
781,0
782,1
783,0
784,1
785,1
786,1
787,1
788,1
789,1
790,0
791,1
792,1
793,0
794,0
795,0
796,1
797,1
798,1
799,0
800,1
801,0
802,1
803,0
804,1
805,0
806,1
807,0
808,1
809,1
810,1
811,1
812,0
813,0
814,1
815,0
816,0
817,1
818,1
819,1
820,1
821,1
822,1
823,1
824,0
825,0
826,0
827,0
828,1
829,1
830,1
831,1
832,0
833,1
834,1
835,1
836,1
837,1
838,0
839,1
840,0
841,0
842,0
843,1
844,0
845,1
846,0
847,1
848,0
849,1
850,1
851,1
852,0
853,1
854,1
855,1
856,1
857,0
858,1
859,1
860,1
861,1
862,0
863,1
864,0
865,1
866,0
867,1
868,1
869,1
870,0
871,1
872,1
873,0
874,1
875,1
876,1
877,0
878,1
879,1
880,0
881,1
882,1
883,0
884,1
885,0
886,1
887,0
888,1
889,1
890,1
891,0
892,1
893,1
894,0
895,0
896,0
897,1
898,1
899,1
900,1
901,1
902,1
903,1
904,0
905,0
906,1
907,0
908,1
909,1
910,0
911,0
912,1
913,1
914,1
915,0
916,1
917,1
918,1
919,1
920,1
921,1
922,1
923,1
924,0
925,1
926,1
927,1
928,0
929,1
930,1
931,1
932,1
933,1
934,1
935,0
936,1
937,0
938,1
939,1
940,1
941,1
942,0
943,1
944,1
945,1
946,1
947,1
948,1
949,1
950,1
951,0
952,1
953,1
954,1
955,1
956,1
957,0
958,0
959,0
960,1
961,1
962,0
963,1
964,1
965,0
966,0
967,1
968,1
969,0
970,1
971,0
972,1
973,1
974,1
975,1
976,0
977,0
978,0
979,1
980,0
981,1
982,0
983,1
984,1
985,1
986,1
987,0
988,0
989,0
990,0
991,0
992,1
993,1
994,1
995,0
996,1
997,1
998,0
999,1
1000,1
1001,0
1002,0
1003,1
1004,0
1005,1
1006,1
1007,0
1008,1
1009,0
1010,1
1011,1
1012,0
1013,0
1014,0
1015,1
1016,0
1017,0
1018,1
1019,1
1020,1
1021,1
1022,1
1023,0
1024,1
1025,0
1026,1
1027,0
1028,0
1029,1
1030,1
1031,1
1032,1
1033,1
1034,1
1035,1
1036,1
1037,1
1038,1
1039,0
1040,1
1041,0
1042,1
1043,0
1044,1
1045,1
1046,0
1047,0
1048,1
1049,1
1050,0
1051,1
1052,1
1053,0
1054,1
1055,1
1056,1
1057,0
1058,0
1059,0
1060,0
1061,1
1062,0
1063,1
1064,1
1065,1
1066,1
1067,1
1068,0
1069,1
1070,0
1071,1
1072,1
1073,0
1074,0
1075,1
1076,0
1077,1
1078,1
1079,1
1080,1
1081,1
1082,1
1083,0
1084,1
1085,1
1086,1
1087,1
1088,1
1089,1
1090,0
1091,1
1092,1
1093,1
1094,1
1095,1
1096,1
1097,1
1098,0
1099,0
1100,1
1101,0
1102,1
1103,1
1104,1
1105,0
1106,1
1107,1
1108,1
1109,1
1110,0
1111,0
1112,1
1113,1
1114,0
1115,0
1116,1
1117,1
1118,1
1119,1
1120,0
1121,1
1122,1
1123,1
1124,1
1125,1
1126,1
1127,1
1128,1
1129,1
1130,1
1131,0
1132,0
1133,0
1134,0
1135,1
1136,1
1137,0
1138,1
1139,1
1140,1
1141,1
1142,1
1143,0
1144,1
1145,1
1146,0
1147,1
1148,1
1149,1
1150,1
1151,0
1152,0
1153,1
1154,1
1155,0
1156,1
1157,1
1158,1
1159,1
1160,1
1161,0
1162,1
1163,1
1164,0
1165,1
1166,0
1167,1
1168,0
1169,0
1170,1
1171,1
1172,1
1173,0
1174,1
1175,1
1176,1
1177,1
1178,0
1179,0
1180,1
1181,1
1182,0
1183,1
1184,0
1185,1
1186,1
1187,0
1188,1
1189,0
1190,1
1191,1
1192,0
1193,1
1194,0
1195,0
1196,1
1197,1
1198,1
1199,1
1200,1
1201,0
1202,1
1203,1
1204,0
1205,1
1206,0
1207,1
1208,1
1209,1
1210,0
1211,0
1212,1
1213,0
1214,1
1215,0
1216,1
1217,1
1218,1
1219,0
1220,0
1221,1
1222,1
1223,0
1224,1
1225,1
1226,1
1227,1
1228,1
1229,0
1230,0
1231,1
1232,1
1233,1
1234,1
1235,0
1236,1
1237,0
1238,1
1239,1
1240,1
1241,1
1242,1
1243,0
1244,0
1245,1
1246,1
1247,1
1248,1
1249,0
1250,0
1251,1
1252,1
1253,1
1254,1
1255,1
1256,0
1257,1
1258,1
1259,1
1260,1
1261,1
1262,1
1263,0
1264,1
1265,1
1266,1
1267,0
1268,1
1269,1
1270,1
1271,0
1272,0
1273,1
1274,1
1275,0
1276,1
1277,0
1278,1
1279,0
1280,1
1281,1
1282,1
1283,1
1284,1
1285,1
1286,1
1287,1
1288,0
1289,1
1290,0
1291,0
1292,0
1293,1
1294,1
1295,1
1296,1
1297,1
1298,1
1299,0
1300,1
1301,0
1302,1
1303,0
1304,0
1305,0
1306,1
1307,1
1308,1
1309,0
1310,1
1311,0
1312,0
1313,0
1314,1
1315,1
1316,1
1317,0
1318,1
1319,1
1320,1
1321,0
1322,1
1323,0
1324,0
1325,1
1326,1
1327,1
1328,1
1329,1
1330,1
1331,0
1332,0
1333,0
1334,0
1335,1
1336,0
1337,1
1338,0
1339,1
1340,1
1341,1
1342,1
1343,1
1344,1
1345,0
1346,1
1347,0
1348,1
1349,1
1350,0
1351,1
1352,1
1353,0
1354,1
1355,1
1356,1
1357,1
1358,0
1359,0
1360,1
1361,1
1362,1
1363,1
1364,1
1365,0
1366,0
1367,1
1368,0
1369,1
1370,0
1371,1
1372,0
1373,0
1374,0
1375,0
1376,1
1377,0
1378,0
1379,1
1380,0
1381,0
1382,1
1383,1
1384,0
1385,1
1386,1
1387,0
1388,1
1389,1
1390,1
1391,0
1392,1
1393,1
1394,0
1395,1
1396,1
1397,1
1398,1
1399,1
1400,0
1401,1
1402,1
1403,0
1404,0
1405,1
1406,1
1407,1
1408,0
1409,1
1410,1
1411,1
1412,0
1413,0
1414,1
1415,1
1416,1
1417,1
1418,1
1419,0
1420,1
1421,1
1422,1
1423,0
1424,1
1425,1
1426,0
1427,1
1428,1
1429,1
1430,1
1431,1
1432,0
1433,1
1434,1
1435,0
1436,1
1437,1
1438,0
1439,1
1440,1
1441,0
1442,1
1443,1
1444,1
1445,0
1446,1
1447,1
1448,0
1449,1
1450,1
1451,0
1452,1
1453,1
1454,0
1455,1
1456,1
1457,0
1458,0
1459,0
1460,1
1461,1
1462,1
1463,0
1464,1
1465,0
1466,1
1467,0
1468,1
1469,1
1470,1
1471,0
1472,1
1473,1
1474,1
1475,0
1476,0
1477,1
1478,1
1479,1
1480,0
1481,1
1482,0
1483,1
1484,1
1485,0
1486,1
1487,0
1488,1
1489,0
1490,1
1491,1
1492,1
1493,1
1494,0
1495,1
1496,1
1497,1
1498,0
1499,1
1500,0
1501,1
1502,0
1503,1
1504,1
1505,1
1506,1
1507,1
1508,1
1509,1
1510,1
1511,0
1512,0
1513,1
1514,1
1515,0
1516,0
1517,1
1518,0
1519,1
1520,1
1521,0
1522,1
1523,1
1524,1
1525,1
1526,0
1527,1
1528,1
1529,1
1530,1
1531,0
1532,0
1533,1
1534,1
1535,1
1536,0
1537,1
1538,1
1539,1
1540,1
1541,1
1542,1
1543,0
1544,1
1545,1
1546,1
1547,1
1548,1
1549,1
1550,0
1551,0
1552,1
1553,1
1554,1
1555,1
1556,0
1557,0
1558,1
1559,1
1560,1
1561,1
1562,1
1563,1
1564,0
1565,1
1566,1
1567,1
1568,1
1569,1
1570,1
1571,1
1572,0
1573,0
1574,1
1575,0
1576,1
1577,1
1578,1
1579,0
1580,1
1581,1
1582,1
1583,1
1584,0
1585,1
1586,1
1587,0
1588,1
1589,0
1590,0
1591,1
1592,1
1593,1
1594,1
1595,1
1596,1
1597,0
1598,1
1599,1
1600,1
1601,1
1602,0
1603,1
1604,0
1605,1
1606,1
1607,1
1608,1
1609,1
1610,1
1611,1
1612,0
1613,1
1614,1
1615,1
1616,1
1617,1
1618,1
1619,1
1620,0
1621,1
1622,1
1623,0
1624,0
1625,1
1626,1
1627,1
1628,1
1629,1
1630,1
1631,0
1632,1
1633,1
1634,1
1635,1
1636,0
1637,1
1638,1
1639,0
1640,1
1641,1
1642,0
1643,1
1644,1
1645,1
1646,1
1647,1
1648,1
1649,1
1650,1
1651,0
1652,0
1653,1
1654,1
1655,0
1656,0
1657,1
1658,1
1659,0
1660,0
1661,1
1662,0
1663,1
1664,1
1665,1
1666,0
1667,1
1668,0
1669,0
1670,0
1671,0
1672,0
1673,1
1674,1
1675,1
1676,1
1677,1
1678,1
1679,1
1680,1
1681,1
1682,1
1683,1
1684,1
1685,1
1686,1
1687,0
1688,1
1689,1
1690,1
1691,1
1692,1
1693,1
1694,0
1695,1
1696,1
1697,1
1698,1
1699,0
1700,0
1701,1
1702,1
1703,1
1704,0
1705,0
1706,1
1707,1
1708,0
1709,1
1710,1
1711,1
1712,1
1713,1
1714,1
1715,1
1716,1
1717,0
1718,1
1719,1
1720,1
1721,0
1722,1
1723,0
1724,1
1725,1
1726,1
1727,1
1728,0
1729,1
1730,1
1731,1
1732,1
1733,1
1734,1
1735,1
1736,1
1737,0
1738,1
1739,0
1740,0
1741,1
1742,0
1743,0
1744,0
1745,0
1746,1
1747,1
1748,1
1749,1
1750,1
1751,0
1752,1
1753,1
1754,0
1755,0
1756,1
1757,1
1758,0
1759,1
1760,1
1761,1
1762,1
1763,1
1764,1
1765,1
1766,1
1767,1
1768,1
1769,1
1770,1
1771,1
1772,1
1773,0
1774,1
1775,0
1776,1
1777,1
1778,0
1779,1
1780,0
1781,1
1782,1
1783,0
1784,0
1785,1
1786,0
1787,1
1788,1
1789,0
1790,1
1791,1
1792,1
1793,1
1794,0
1795,1
1796,1
1797,0
1798,1
1799,1
1800,1
1801,0
1802,1
1803,1
1804,1
1805,1
1806,1
1807,1
1808,0
1809,1
1810,1
1811,1
1812,0
1813,1
1814,0
1815,1
1816,0
1817,1
1818,1
1819,1
1820,1
1821,1
1822,1
1823,1
1824,1
1825,1
1826,1
1827,1
1828,1
1829,0
1830,0
1831,1
1832,1
1833,1
1834,1
1835,1
1836,0
1837,0
1838,0
1839,1
1840,0
1841,0
1842,1
1843,0
1844,1
1845,0
1846,0
1847,0
1848,0
1849,1
1850,1
1851,1
1852,0
1853,1
1854,0
1855,0
1856,0
1857,1
1858,1
1859,1
1860,1
1861,1
1862,0
1863,1
1864,1
1865,1
1866,1
1867,1
1868,1
1869,0
1870,0
1871,1
1872,1
1873,1
1874,1
1875,1
1876,1
1877,0
1878,0
1879,1
1880,1
1881,0
1882,1
1883,1
1884,1
1885,0
1886,1
1887,1
1888,1
1889,1
1890,1
1891,1
1892,0
1893,1
1894,1
1895,1
1896,1
1897,1
1898,1
1899,1
1900,1
1901,1
1902,1
1903,1
1904,1
1905,0
1906,0
1907,0
1908,1
1909,0
1910,1
1911,1
1912,0
1913,0
1914,1
1915,0
1916,0
1917,0
1918,0
1919,0
1920,1
1921,1
1922,0
1923,1
1924,1
1925,0
1926,1
1927,1
1928,0
1929,0
1930,0
1931,0
1932,0
1933,0
1934,0
1935,1
1936,1
1937,1
1938,0
1939,0
1940,0
1941,1
1942,1
1943,1
1944,0
1945,0
1946,0
1947,1
1948,0
1949,1
1950,0
1951,0
1952,1
1953,1
1954,1
1955,1
1956,1
1957,1
1958,1
1959,0
1960,1
1961,0
1962,0
1963,1
1964,1
1965,0
1966,1
1967,1
1968,0
1969,1
1970,1
1971,0
1972,1
1973,0
1974,0
1975,1
1976,0
1977,1
1978,1
1979,0
1980,1
1981,0
1982,1
1983,1
1984,0
1985,1
1986,0
1987,1
1988,1
1989,1
1990,0
1991,0
1992,1
1993,1
1994,0
1995,0
1996,1
1997,1
1998,1
1999,1
2000,1
2001,1
2002,1
2003,1
2004,1
2005,1
2006,1
2007,0
2008,0
2009,1
2010,0
2011,1
2012,1
2013,1
2014,1
2015,0
2016,1
2017,1
2018,1
2019,1
2020,1
2021,1
2022,1
2023,1
2024,1
2025,1
2026,0
2027,0
2028,0
2029,1
2030,1
2031,1
2032,1
2033,1
2034,1
2035,1
2036,1
2037,1
2038,1
2039,1
2040,1
2041,0
2042,1
2043,1
2044,0
2045,1
2046,1
2047,1
2048,0
2049,1
2050,1
2051,0
2052,0
2053,1
2054,0
2055,0
2056,1
2057,0
2058,1
2059,0
2060,1
2061,1
2062,0
2063,1
2064,1
2065,0
2066,1
2067,0
2068,0
2069,1
2070,1
2071,1
2072,0
2073,0
2074,0
2075,1
2076,0
2077,1
2078,1
2079,0
2080,0
2081,1
2082,1
2083,1
2084,1
2085,0
2086,1
2087,0
2088,0
2089,1
2090,1
2091,1
2092,1
2093,1
2094,1
2095,0
2096,1
2097,1
2098,1
2099,1
2100,1
2101,1
2102,1
2103,1
2104,0
2105,0
2106,0
2107,0
2108,0
2109,0
2110,1
2111,1
2112,0
2113,1
2114,0
2115,1
2116,1
2117,1
2118,0
2119,1
2120,1
2121,1
2122,0
2123,1
2124,1
2125,1
2126,1
2127,1
2128,1
2129,1
2130,1
2131,1
2132,1
2133,1
2134,0
2135,1
2136,1
2137,1
2138,1
2139,1
2140,1
2141,0
2142,0
2143,1
2144,1
2145,1
2146,1
2147,1
2148,1
2149,0
2150,0
2151,1
2152,1
2153,1
2154,0
2155,0
2156,1
2157,1
2158,1
2159,1
2160,0
2161,1
2162,0
2163,1
2164,0
2165,0
2166,0
2167,1
2168,0
2169,1
2170,1
2171,0
2172,1
2173,1
2174,0
2175,1
2176,1
2177,1
2178,1
2179,0
2180,0
2181,0
2182,0
2183,0
2184,1
2185,1
2186,1
2187,1
2188,1
2189,1
2190,1
2191,0
2192,0
2193,0
2194,0
2195,1
2196,1
2197,1
2198,1
2199,0
2200,1
2201,1
2202,1
2203,1
2204,1
2205,1
2206,1
2207,0
2208,0
2209,1
2210,1
2211,0
2212,1
2213,1
2214,1
2215,1
2216,1
2217,1
2218,0
2219,1
2220,0
2221,0
2222,1
2223,0
2224,1
2225,0
2226,1
2227,1
2228,1
2229,0
2230,1
2231,0
2232,1
2233,1
2234,1
2235,1
2236,1
2237,0
2238,1
2239,1
2240,1
2241,0
2242,1
2243,0
2244,0
2245,0
2246,1
2247,1
2248,0
2249,0
2250,1
2251,1
2252,1
2253,1
2254,1
2255,0
2256,0
2257,0
2258,0
2259,1
2260,0
2261,1
2262,1
2263,1
2264,1
2265,1
2266,0
2267,1
2268,1
2269,0
2270,1
2271,1
2272,0
2273,1
2274,1
2275,1
2276,0
2277,0
2278,1
2279,1
2280,1
2281,0
2282,1
2283,1
2284,1
2285,1
2286,1
2287,1
2288,1
2289,0
2290,0
2291,1
2292,1
2293,1
2294,1
2295,0
2296,0
2297,1
2298,1
2299,1
2300,1
2301,0
2302,1
2303,0
2304,0
2305,1
2306,0
2307,0
2308,1
2309,1
2310,1
2311,1
2312,1
2313,1
2314,1
2315,0
2316,1
2317,1
2318,1
2319,1
2320,0
2321,0
2322,1
2323,0
2324,0
2325,0
2326,1
2327,1
2328,1
2329,0
2330,1
2331,1
2332,1
2333,1
2334,1
2335,1
2336,1
2337,1
2338,0
2339,0
2340,1
2341,0
2342,0
2343,1
2344,1
2345,1
2346,0
2347,0
2348,0
2349,1
2350,1
2351,0
2352,1
2353,1
2354,1
2355,1
2356,0
2357,1
2358,0
2359,0
2360,1
2361,1
2362,0
2363,1
2364,0
2365,1
2366,1
2367,1
2368,1
2369,1
2370,0
2371,1
2372,0
2373,1
2374,1
2375,1
2376,0
2377,1
2378,1
2379,1
2380,0
2381,1
2382,1
2383,0
2384,1
2385,1
2386,1
2387,1
2388,1
2389,1
2390,1
2391,1
2392,0
2393,1
2394,0
2395,0
2396,1
2397,1
2398,0
2399,1
2400,1
2401,0
2402,1
2403,0
2404,1
2405,0
2406,0
2407,1
2408,1
2409,0
2410,0
2411,0
2412,0
2413,1
2414,1
2415,0
2416,1
2417,1
2418,0
2419,1
2420,1
2421,1
2422,1
2423,0
2424,1
2425,0
2426,1
2427,1
2428,1
2429,1
2430,0
2431,1
2432,0
2433,1
2434,1
2435,0
2436,1
2437,0
2438,1
2439,1
2440,0
2441,0
2442,0
2443,0
2444,1
2445,0
2446,1
2447,0
2448,1
2449,0
2450,1
2451,1
2452,1
2453,1
2454,0
2455,0
2456,1
2457,1
2458,1
2459,1
2460,0
2461,1
2462,1
2463,1
2464,0
2465,0
2466,1
2467,1
2468,1
2469,0
2470,1
2471,1
2472,1
2473,1
2474,0
2475,0
2476,0
2477,1
2478,0
2479,1
2480,1
2481,1
2482,1
2483,1
2484,1
2485,0
2486,0
2487,0
2488,1
2489,1
2490,1
2491,0
2492,1
2493,1
2494,1
2495,0
2496,1
2497,1
2498,1
2499,1
2500,1
2501,1
2502,0
2503,0
2504,1
2505,1
2506,1
2507,0
2508,1
2509,1
2510,1
2511,1
2512,1
2513,0
2514,1
2515,0
2516,1
2517,1
2518,1
2519,0
2520,0
2521,1
2522,1
2523,0
2524,0
2525,1
2526,0
2527,1
2528,0
2529,0
2530,1
2531,1
2532,1
2533,1
2534,1
2535,0
2536,1
2537,1
2538,1
2539,1
2540,1
2541,1
2542,0
2543,0
2544,0
2545,1
2546,1
2547,0
2548,1
2549,0
2550,0
2551,1
2552,0
2553,1
2554,0
2555,1
2556,0
2557,0
2558,1
2559,0
2560,0
2561,1
2562,1
2563,1
2564,0
2565,1
2566,1
2567,1
2568,1
2569,1
2570,1
2571,1
2572,1
2573,1
2574,1
2575,1
2576,1
2577,1
2578,0
2579,1
2580,1
2581,0
2582,0
2583,1
2584,1
2585,1
2586,1
2587,1
2588,0
2589,0
2590,1
2591,1
2592,1
2593,1
2594,1
2595,1
2596,0
2597,1
2598,0
2599,1
2600,0
2601,1
2602,0
2603,0
2604,1
2605,1
2606,1
2607,1
2608,1
2609,1
2610,1
2611,0
2612,0
2613,1
2614,1
2615,0
2616,0
2617,1
2618,1
2619,1
2620,1
2621,1
2622,0
2623,1
2624,1
2625,1
2626,1
2627,1
2628,1
2629,1
2630,1
2631,1
2632,1
2633,1
2634,1
2635,1
2636,0
2637,1
2638,1
2639,1
2640,1
2641,1
2642,0
2643,1
2644,1
2645,1
2646,1
2647,1
2648,1
2649,1
2650,1
2651,0
2652,1
2653,0
2654,1
2655,0
2656,1
2657,0
2658,1
2659,0
2660,0
2661,1
2662,1
2663,1
2664,1
2665,1
2666,1
2667,0
2668,1
2669,1
2670,1
2671,1
2672,1
2673,0
2674,1
2675,1
2676,0
2677,1
2678,0
2679,0
2680,1
2681,1
2682,1
2683,1
2684,1
2685,0
2686,0
2687,1
2688,0
2689,1
2690,1
2691,1
2692,0
2693,0
2694,0
2695,1
2696,1
2697,1
2698,1
2699,1
2700,0
2701,1
2702,1
2703,1
2704,1
2705,0
2706,0
2707,1
2708,0
2709,1
2710,1
2711,0
2712,0
2713,0
2714,1
2715,0
2716,1
2717,1
2718,1
2719,0
2720,1
2721,1
2722,1
2723,0
2724,1
2725,1
2726,1
2727,1
2728,1
2729,0
2730,0
2731,1
2732,1
2733,1
2734,1
2735,1
2736,1
2737,0
2738,1
2739,0
2740,0
2741,0
2742,0
2743,0
2744,1
2745,1
2746,1
2747,0
2748,1
2749,0
2750,1
2751,1
2752,1
2753,0
2754,1
2755,1
2756,0
2757,1
2758,0
2759,0
2760,0
2761,1
2762,1
2763,0
2764,0
2765,1
2766,1
2767,1
2768,1
2769,1
2770,1
2771,1
2772,0
2773,0
2774,1
2775,0
2776,1
2777,1
2778,1
2779,1
2780,1
2781,1
2782,1
2783,1
2784,1
2785,0
2786,1
2787,0
2788,0
2789,1
2790,1
2791,1
2792,1
2793,1
2794,0
2795,1
2796,1
2797,0
2798,0
2799,0
2800,1
2801,0
2802,0
2803,0
2804,1
2805,0
2806,0
2807,0
2808,0
2809,1
2810,1
2811,0
2812,1
2813,1
2814,1
2815,0
2816,1
2817,1
2818,0
2819,0
2820,0
2821,1
2822,1
2823,0
2824,1
2825,1
2826,0
2827,0
2828,0
2829,1
2830,0
2831,0
2832,0
2833,1
2834,1
2835,1
2836,1
2837,1
2838,1
2839,1
2840,1
2841,1
2842,0
2843,1
2844,1
2845,1
2846,0
2847,0
2848,1
2849,0
2850,1
2851,1
2852,1
2853,1
2854,1
2855,1
2856,1
2857,1
2858,1
2859,1
2860,1
2861,0
2862,1
2863,0
2864,1
2865,1
2866,1
2867,1
2868,1
2869,1
2870,0
2871,0
2872,0
2873,1
2874,1
2875,1
2876,1
2877,1
2878,1
2879,1
2880,0
2881,1
2882,1
2883,1
2884,1
2885,0
2886,1
2887,1
2888,1
2889,1
2890,1
2891,1
2892,1
2893,1
2894,1
2895,1
2896,1
2897,1
2898,1
2899,1
2900,1
2901,1
2902,1
2903,1
2904,1
2905,0
2906,0
2907,1
2908,0
2909,0
2910,0
2911,1
2912,1
2913,1
2914,1
2915,1
2916,1
2917,0
2918,1
2919,1
2920,1
2921,1
2922,1
2923,1
2924,1
2925,0
2926,1
2927,0
2928,1
2929,1
2930,1
2931,0
2932,1
2933,1
2934,1
2935,1
2936,1
2937,1
2938,0
2939,0
2940,0
2941,0
2942,1
2943,0
2944,0
2945,1
2946,1
2947,0
2948,1
2949,1
2950,1
2951,0
2952,0
2953,1
2954,1
2955,1
2956,1
2957,0
2958,1
2959,1
2960,1
2961,1
2962,0
2963,0
2964,1
2965,1
2966,1
2967,1
2968,1
2969,1
2970,1
2971,0
2972,1
2973,1
2974,0
2975,0
2976,0
2977,0
2978,1
2979,1
2980,1
2981,0
2982,0
2983,0
2984,1
2985,1
2986,1
2987,1
2988,0
2989,0
2990,1
2991,1
2992,1
2993,1
2994,0
2995,1
2996,1
2997,1
2998,1
2999,1
3000,0
3001,1
3002,1
3003,1
3004,1
3005,1
3006,1
3007,1
3008,1
3009,0
3010,1
3011,0
3012,1
3013,0
3014,0
3015,1
3016,1
3017,0
3018,1
3019,1
3020,1
3021,1
3022,1
3023,1
3024,1
3025,1
3026,0
3027,1
3028,0
3029,1
3030,1
3031,1
3032,1
3033,1
3034,0
3035,1
3036,1
3037,0
3038,1
3039,1
3040,1
3041,0
3042,1
3043,1
3044,1
3045,1
3046,1
3047,0
3048,1
3049,1
3050,1
3051,1
3052,0
3053,1
3054,1
3055,1
3056,1
3057,1
3058,0
3059,0
3060,0
3061,1
3062,0
3063,0
3064,0
3065,1
3066,1
3067,0
3068,1
3069,1
3070,1
3071,1
3072,1
3073,1
3074,0
3075,0
3076,1
3077,1
3078,1
3079,1
3080,1
3081,0
3082,1
3083,1
3084,1
3085,1
3086,1
3087,0
3088,1
3089,0
3090,1
3091,1
3092,0
3093,0
3094,1
3095,1
3096,1
3097,1
3098,1
3099,1
3100,0
3101,1
3102,1
3103,0
3104,0
3105,1
3106,1
3107,1
3108,1
3109,1
3110,1
3111,1
3112,0
3113,1
3114,0
3115,1
3116,1
3117,0
3118,1
3119,1
3120,1
3121,0
3122,1
3123,1
3124,0
3125,0
3126,0
3127,1
3128,0
3129,1
3130,1
3131,0
3132,0
3133,1
3134,1
3135,1
3136,1
3137,1
3138,1
3139,1
3140,1
3141,0
3142,1
3143,1
3144,1
3145,1
3146,1
3147,1
3148,1
3149,1
3150,1
3151,1
3152,1
3153,1
3154,1
3155,1
3156,1
3157,0
3158,1
3159,0
3160,0
3161,1
3162,0
3163,1
3164,1
3165,1
3166,1
3167,1
3168,1
3169,0
3170,0
3171,0
3172,0
3173,0
3174,0
3175,1
3176,0
3177,1
3178,0
3179,1
3180,0
3181,1
3182,1
3183,0
3184,1
3185,1
3186,1
3187,0
3188,1
3189,1
3190,1
3191,1
3192,0
3193,1
3194,1
3195,1
3196,1
3197,1
3198,1
3199,1
3200,1
3201,1
3202,1
3203,1
3204,0
3205,1
3206,0
3207,1
3208,1
3209,1
3210,0
3211,1
3212,0
3213,0
3214,1
3215,1
3216,1
3217,1
3218,0
3219,1
3220,0
3221,0
3222,1
3223,1
3224,0
3225,1
3226,1
3227,1
3228,0
3229,1
3230,0
3231,1
3232,0
3233,1
3234,0
3235,1
3236,1
3237,1
3238,1
3239,1
3240,1
3241,1
3242,0
3243,1
3244,1
3245,1
3246,1
3247,1
3248,1
3249,1
3250,1
3251,1
3252,1
3253,0
3254,1
3255,1
3256,1
3257,1
3258,1
3259,1
3260,1
3261,1
3262,0
3263,1
3264,0
3265,0
3266,1
3267,1
3268,1
3269,0
3270,1
3271,0
3272,0
3273,0
3274,0
3275,0
3276,1
3277,1
3278,1
3279,1
3280,1
3281,1
3282,1
3283,1
3284,1
3285,0
3286,0
3287,1
3288,1
3289,1
3290,1
3291,0
3292,0
3293,0
3294,1
3295,1
3296,1
3297,1
3298,1
3299,1
3300,1
3301,1
3302,1
3303,1
3304,0
3305,1
3306,1
3307,0
3308,0
3309,1
3310,1
3311,1
3312,1
3313,1
3314,1
3315,1
3316,0
3317,0
3318,1
3319,1
3320,1
3321,1
3322,1
3323,1
3324,1
3325,1
3326,1
3327,1
3328,1
3329,0
3330,1
3331,1
3332,1
3333,1
3334,1
3335,1
3336,1
3337,1
3338,1
3339,0
3340,0
3341,0
3342,1
3343,1
3344,1
3345,1
3346,0
3347,1
3348,1
3349,1
3350,0
3351,0
3352,0
3353,1
3354,0
3355,1
3356,1
3357,1
3358,1
3359,1
3360,0
3361,0
3362,1
3363,1
3364,1
3365,1
3366,1
3367,1
3368,0
3369,0
3370,1
3371,1
3372,0
3373,0
3374,1
3375,1
3376,1
3377,0
3378,0
3379,1
3380,1
3381,1
3382,1
3383,1
3384,0
3385,0
3386,0
3387,1
3388,1
3389,1
3390,1
3391,1
3392,0
3393,1
3394,0
3395,1
3396,1
3397,1
3398,1
3399,1
3400,1
3401,1
3402,1
3403,1
3404,1
3405,1
3406,0
3407,1
3408,1
3409,1
3410,1
3411,1
3412,0
3413,1
3414,1
3415,1
3416,1
3417,0
3418,1
3419,0
3420,0
3421,1
3422,1
3423,1
3424,1
3425,1
3426,1
3427,1
3428,1
3429,1
3430,1
3431,1
3432,1
3433,1
3434,1
3435,1
3436,1
3437,1
3438,1
3439,1
3440,1
3441,0
3442,1
3443,1
3444,0
3445,1
3446,0
3447,0
3448,1
3449,1
3450,1
3451,0
3452,1
3453,0
3454,1
3455,0
3456,1
3457,1
3458,0
3459,1
3460,1
3461,0
3462,0
3463,0
3464,1
3465,1
3466,1
3467,1
3468,1
3469,0
3470,0
3471,1
3472,0
3473,1
3474,1
3475,1
3476,1
3477,0
3478,0
3479,1
3480,1
3481,1
3482,1
3483,0
3484,0
3485,0
3486,1
3487,1
3488,1
3489,1
3490,1
3491,0
3492,1
3493,0
3494,0
3495,1
3496,1
3497,1
3498,1
3499,1
3500,0
3501,0
3502,1
3503,1
3504,1
3505,0
3506,1
3507,0
3508,1
3509,1
3510,0
3511,1
3512,1
3513,1
3514,1
3515,1
3516,0
3517,1
3518,1
3519,1
3520,1
3521,0
3522,1
3523,1
3524,1
3525,0
3526,1
3527,0
3528,0
3529,1
3530,0
3531,0
3532,1
3533,0
3534,0
3535,1
3536,1
3537,1
3538,0
3539,0
3540,1
3541,1
3542,1
3543,0
3544,1
3545,1
3546,1
3547,0
3548,1
3549,1
3550,1
3551,1
3552,0
3553,1
3554,0
3555,0
3556,1
3557,0
3558,1
3559,1
3560,1
3561,1
3562,0
3563,1
3564,1
3565,0
3566,1
3567,1
3568,1
3569,1
3570,0
3571,1
3572,0
3573,0
3574,1
3575,0
3576,1
3577,1
3578,1
3579,0
3580,0
3581,0
3582,1
3583,1
3584,0
3585,1
3586,1
3587,1
3588,1
3589,1
3590,0
3591,0
3592,1
3593,1
3594,0
3595,1
3596,0
3597,0
3598,0
3599,0
3600,0
3601,1
3602,0
3603,1
3604,0
3605,1
3606,1
3607,0
3608,1
3609,1
3610,1
3611,0
3612,1
3613,1
3614,1
3615,1
3616,0
3617,0
3618,1
3619,1
3620,0
3621,0
3622,0
3623,1
3624,1
3625,1
3626,1
3627,0
3628,1
3629,1
3630,1
3631,1
3632,0
3633,0
3634,0
3635,0
3636,1
3637,1
3638,1
3639,0
3640,0
3641,1
3642,1
3643,1
3644,1
3645,0
3646,1
3647,0
3648,1
3649,1
3650,1
3651,1
3652,1
3653,1
3654,0
3655,1
3656,1
3657,0
3658,1
3659,1
3660,1
3661,1
3662,0
3663,0
3664,1
3665,0
3666,0
3667,1
3668,1
3669,1
3670,1
3671,0
3672,0
3673,0
3674,1
3675,1
3676,1
3677,1
3678,1
3679,1
3680,1
3681,0
3682,0
3683,1
3684,0
3685,0
3686,0
3687,1
3688,1
3689,1
3690,1
3691,0
3692,1
3693,1
3694,0
3695,0
3696,0
3697,0
3698,0
3699,1
3700,1
3701,1
3702,1
3703,0
3704,1
3705,1
3706,1
3707,1
3708,0
3709,1
3710,0
3711,0
3712,0
3713,1
3714,1
3715,1
3716,1
3717,1
3718,0
3719,1
3720,1
3721,1
3722,1
3723,1
3724,1
3725,0
3726,1
3727,1
3728,0
3729,1
3730,1
3731,0
3732,0
3733,1
3734,1
3735,1
3736,0
3737,1
3738,0
3739,0
3740,0
3741,0
3742,1
3743,1
3744,1
3745,0
3746,1
3747,1
3748,1
3749,1
3750,0
3751,0
3752,1
3753,1
3754,1
3755,0
3756,1
3757,1
3758,1
3759,1
3760,1
3761,1
3762,1
3763,1
3764,0
3765,1
3766,0
3767,0
3768,1
3769,1
3770,0
3771,1
3772,1
3773,0
3774,1
3775,1
3776,1
3777,1
3778,1
3779,1
3780,1
3781,1
3782,1
3783,0
3784,1
3785,0
3786,0
3787,1
3788,1
3789,0
3790,1
3791,1
3792,1
3793,1
3794,0
3795,0
3796,1
3797,0
3798,1
3799,0
3800,1
3801,1
3802,0
3803,1
3804,0
3805,0
3806,1
3807,1
3808,0
3809,1
3810,1
3811,1
3812,1
3813,1
3814,1
3815,1
3816,1
3817,1
3818,1
3819,1
3820,1
3821,0
3822,0
3823,1
3824,1
3825,0
3826,1
3827,1
3828,0
3829,1
3830,1
3831,1
3832,1
3833,0
3834,1
3835,1
3836,1
3837,0
3838,1
3839,0
3840,0
3841,1
3842,1
3843,0
3844,1
3845,0
3846,1
3847,1
3848,0
3849,0
3850,1
3851,1
3852,1
3853,1
3854,1
3855,1
3856,0
3857,1
3858,1
3859,1
3860,1
3861,1
3862,1
3863,1
3864,0
3865,0
3866,1
3867,1
3868,1
3869,0
3870,1
3871,1
3872,0
3873,1
3874,1
3875,1
3876,0
3877,0
3878,0
3879,1
3880,1
3881,0
3882,0
3883,1
3884,0
3885,1
3886,0
3887,1
3888,1
3889,0
3890,1
3891,0
3892,0
3893,1
3894,1
3895,1
3896,1
3897,1
3898,0
3899,1
3900,1
3901,1
3902,1
3903,1
3904,1
3905,1
3906,1
3907,1
3908,1
3909,1
3910,1
3911,1
3912,1
3913,1
3914,0
3915,1
3916,1
3917,1
3918,1
3919,1
3920,0
3921,0
3922,1
3923,1
3924,1
3925,0
3926,1
3927,1
3928,1
3929,1
3930,1
3931,1
3932,1
3933,1
3934,1
3935,1
3936,0
3937,1
3938,0
3939,1
3940,1
3941,1
3942,1
3943,1
3944,0
3945,1
3946,1
3947,1
3948,1
3949,0
3950,1
3951,0
3952,1
3953,1
3954,0
3955,1
3956,1
3957,1
3958,1
3959,1
3960,1
3961,1
3962,1
3963,0
3964,0
3965,1
3966,0
3967,1
3968,1
3969,0
3970,1
3971,1
3972,0
3973,1
3974,1
3975,1
3976,1
3977,1
3978,0
3979,1
3980,1
3981,0
3982,1
3983,1
3984,0
3985,1
3986,0
3987,0
3988,1
3989,1
3990,1
3991,1
3992,0
3993,1
3994,1
3995,1
3996,0
3997,1
3998,1
3999,1
4000,0
4001,0
4002,1
4003,1
4004,1
4005,1
4006,1
4007,0
4008,1
4009,0
4010,0
4011,0
4012,1
4013,0
4014,1
4015,0
4016,0
4017,1
4018,1
4019,1
4020,0
4021,1
4022,0
4023,1
4024,1
4025,1
4026,1
4027,1
4028,1
4029,1
4030,0
4031,0
4032,1
4033,1
4034,1
4035,1
4036,1
4037,1
4038,0
4039,1
4040,1
4041,0
4042,0
4043,1
4044,1
4045,1
4046,1
4047,0
4048,1
4049,1
4050,1
4051,0
4052,1
4053,1
4054,1
4055,0
4056,0
4057,0
4058,1
4059,1
4060,0
4061,0
4062,0
4063,0
4064,1
4065,0
4066,1
4067,1
4068,1
4069,1
4070,1
4071,1
4072,0
4073,0
4074,1
4075,1
4076,0
4077,0
4078,1
4079,1
4080,1
4081,0
4082,1
4083,1
4084,0
4085,1
4086,1
4087,0
4088,0
4089,1
4090,0
4091,1
4092,1
4093,1
4094,0
4095,1
4096,1
4097,1
4098,1
4099,1
4100,1
4101,0
4102,1
4103,1
4104,1
4105,0
4106,1
4107,0
4108,1
4109,1
4110,1
4111,1
4112,1
4113,0
4114,1
4115,1
4116,1
4117,0
4118,0
4119,1
4120,1
4121,0
4122,0
4123,1
4124,1
4125,1
4126,1
4127,1
4128,1
4129,1
4130,1
4131,0
4132,1
4133,1
4134,1
4135,0
4136,1
4137,1
4138,1
4139,0
4140,0
4141,1
4142,0
4143,0
4144,1
4145,0
4146,0
4147,0
4148,0
4149,1
4150,0
4151,0
4152,1
4153,1
4154,1
4155,1
4156,0
4157,1
4158,1
4159,0
4160,0
4161,1
4162,1
4163,0
4164,1
4165,1
4166,1
4167,1
4168,1
4169,0
4170,0
4171,1
4172,1
4173,1
4174,1
4175,1
4176,0
4177,1
4178,1
4179,1
4180,1
4181,0
4182,0
4183,0
4184,1
4185,1
4186,0
4187,1
4188,1
4189,1
4190,1
4191,1
4192,0
4193,0
4194,1
4195,1
4196,0
4197,1
4198,1
4199,1
4200,0
4201,0
4202,1
4203,0
4204,1
4205,1
4206,0
4207,1
4208,0
4209,1
4210,0
4211,1
4212,1
4213,0
4214,0
4215,1
4216,1
4217,0
4218,0
4219,0
4220,1
4221,1
4222,1
4223,0
4224,1
4225,0
4226,0
4227,1
4228,0
4229,1
4230,1
4231,1
4232,1
4233,1
4234,0
4235,0
4236,1
4237,1
4238,1
4239,1
4240,0
4241,0
4242,0
4243,1
4244,1
4245,1
4246,0
4247,0
4248,1
4249,0
4250,0
4251,0
4252,1
4253,1
4254,1
4255,0
4256,1
4257,0
4258,0
4259,1
4260,1
4261,1
4262,1
4263,1
4264,0
4265,1
4266,1
4267,1
4268,1
4269,1
4270,1
4271,1
4272,1
4273,1
4274,1
4275,0
4276,1
4277,0
4278,0
4279,0
4280,1
4281,1
4282,1
4283,1
4284,1
4285,0
4286,1
4287,1
4288,0
4289,1
4290,0
4291,1
4292,0
4293,0
4294,1
4295,0
4296,0
4297,0
4298,0
4299,1
4300,1
4301,1
4302,0
4303,1
4304,1
4305,1
4306,0
4307,0
4308,1
4309,1
4310,1
4311,1
4312,1
4313,1
4314,0
4315,0
4316,0
4317,1
4318,1
4319,1
4320,1
4321,0
4322,0
4323,1
4324,1
4325,0
4326,1
4327,1
4328,1
4329,1
4330,0
4331,1
4332,0
4333,1
4334,0
4335,0
4336,0
4337,0
4338,0
4339,1
4340,1
4341,1
4342,0
4343,0
4344,0
4345,1
4346,1
4347,1
4348,1
4349,1
4350,1
4351,1
4352,1
4353,1
4354,1
4355,1
4356,0
4357,0
4358,1
4359,1
4360,1
4361,1
4362,1
4363,1
4364,1
4365,0
4366,1
4367,1
4368,0
4369,0
4370,1
4371,1
4372,0
4373,1
4374,1
4375,1
4376,1
4377,0
4378,1
4379,1
4380,0
4381,0
4382,1
4383,1
4384,0
4385,1
4386,1
4387,1
4388,1
4389,1
4390,0
4391,0
4392,0
4393,1
4394,1
4395,1
4396,1
4397,1
4398,1
4399,1
4400,0
4401,1
4402,1
4403,1
4404,1
4405,1
4406,1
4407,1
4408,1
4409,1
4410,1
4411,1
4412,1
4413,0
4414,1
4415,1
4416,0
4417,0
4418,0
4419,1
4420,1
4421,1
4422,0
4423,1
4424,1
4425,0
4426,1
4427,1
4428,1
4429,1
4430,1
4431,1
4432,0
4433,1
4434,0
4435,1
4436,1
4437,1
4438,0
4439,1
4440,1
4441,0
4442,0
4443,1
4444,1
4445,0
4446,0
4447,1
4448,1
4449,1
4450,1
4451,1
4452,1
4453,1
4454,0
4455,0
4456,1
4457,0
4458,1
4459,1
4460,0
4461,1
4462,1
4463,1
4464,0
4465,1
4466,0
4467,1
4468,0
4469,1
4470,1
4471,1
4472,0
4473,1
4474,1
4475,0
4476,1
4477,1
4478,1
4479,0
4480,0
4481,1
4482,1
4483,1
4484,1
4485,1
4486,1
4487,0
4488,1
4489,1
4490,1
4491,1
4492,1
4493,0
4494,1
4495,0
4496,0
4497,0
4498,1
4499,0
4500,1
4501,1
4502,1
4503,0
4504,1
4505,1
4506,0
4507,1
4508,1
4509,1
4510,1
4511,1
4512,1
4513,1
4514,1
4515,1
4516,1
4517,1
4518,1
4519,1
4520,1
4521,1
4522,0
4523,1
4524,0
4525,1
4526,1
4527,0
4528,1
4529,1
4530,1
4531,1
4532,1
4533,0
4534,1
4535,0
4536,1
4537,1
4538,0
4539,0
4540,0
4541,1
4542,1
4543,0
4544,1
4545,1
4546,0
4547,0
4548,1
4549,1
4550,0
4551,1
4552,1
4553,0
4554,1
4555,0
4556,1
4557,1
4558,1
4559,1
4560,1
4561,0
4562,0
4563,1
4564,1
4565,0
4566,1
4567,1
4568,0
4569,1
4570,1
4571,0
4572,0
4573,1
4574,0
4575,0
4576,1
4577,1
4578,1
4579,1
4580,1
4581,1
4582,1
4583,0
4584,1
4585,0
4586,0
4587,0
4588,1
4589,1
4590,0
4591,0
4592,1
4593,0
4594,1
4595,0
4596,0
4597,0
4598,0
4599,1
4600,1
4601,0
4602,1
4603,1
4604,1
4605,1
4606,1
4607,1
4608,1
4609,1
4610,1
4611,0
4612,1
4613,1
4614,1
4615,1
4616,1
4617,1
4618,1
4619,1
4620,0
4621,0
4622,0
4623,0
4624,0
4625,1
4626,1
4627,1
4628,1
4629,1
4630,1
4631,0
4632,1
4633,1
4634,1
4635,1
4636,1
4637,1
4638,0
4639,1
4640,1
4641,0
4642,0
4643,1
4644,0
4645,1
4646,0
4647,0
4648,1
4649,1
4650,0
4651,0
4652,1
4653,1
4654,0
4655,1
4656,1
4657,1
4658,1
4659,0
4660,1
4661,1
4662,1
4663,1
4664,1
4665,0
4666,0
4667,0
4668,1
4669,1
4670,1
4671,1
4672,1
4673,1
4674,0
4675,0
4676,0
4677,0
4678,0
4679,1
4680,1
4681,1
4682,0
4683,1
4684,1
4685,1
4686,1
4687,1
4688,1
4689,1
4690,1
4691,0
4692,1
4693,0
4694,1
4695,1
4696,1
4697,0
4698,1
4699,1
4700,0
4701,1
4702,1
4703,1
4704,0
4705,0
4706,1
4707,0
4708,0
4709,0
4710,0
4711,1
4712,0
4713,1
4714,0
4715,0
4716,1
4717,0
4718,1
4719,0
4720,0
4721,1
4722,1
4723,1
4724,1
4725,1
4726,1
4727,0
4728,1
4729,0
4730,1
4731,1
4732,1
4733,1
4734,1
4735,1
4736,0
4737,1
4738,1
4739,1
4740,0
4741,0
4742,0
4743,1
4744,0
4745,0
4746,0
4747,0
4748,0
4749,0
4750,1
4751,1
4752,0
4753,1
4754,0
4755,1
4756,1
4757,0
4758,1
4759,1
4760,1
4761,1
4762,1
4763,1
4764,1
4765,1
4766,0
4767,1
4768,1
4769,1
4770,0
4771,1
4772,0
4773,0
4774,1
4775,0
4776,1
4777,1
4778,1
4779,1
4780,1
4781,1
4782,1
4783,1
4784,1
4785,1
4786,1
4787,1
4788,1
4789,0
4790,1
4791,1
4792,1
4793,1
4794,1
4795,1
4796,1
4797,0
4798,0
4799,1
4800,1
4801,1
4802,1
4803,1
4804,0
4805,1
4806,1
4807,1
4808,1
4809,1
4810,1
4811,0
4812,0
4813,1
4814,1
4815,0
4816,0
4817,1
4818,0
4819,1
4820,0
4821,1
4822,1
4823,0
4824,1
4825,0
4826,0
4827,0
4828,1
4829,1
4830,1
4831,1
4832,1
4833,1
4834,1
4835,1
4836,0
4837,0
4838,1
4839,1
4840,1
4841,1
4842,1
4843,1
4844,1
4845,1
4846,1
4847,1
4848,0
4849,1
4850,0
4851,0
4852,1
4853,1
4854,1
4855,1
4856,1
4857,0
4858,1
4859,1
4860,0
4861,1
4862,0
4863,1
4864,0
4865,1
4866,0
4867,0
4868,0
4869,1
4870,1
4871,0
4872,1
4873,0
4874,0
4875,1
4876,1
4877,1
4878,1
4879,1
4880,0
4881,1
4882,0
4883,0
4884,0
4885,0
4886,1
4887,0
4888,0
4889,1
4890,1
4891,1
4892,1
4893,1
4894,1
4895,0
4896,0
4897,1
4898,1
4899,1
4900,1
4901,0
4902,0
4903,1
4904,1
4905,0
4906,0
4907,1
4908,1
4909,1
4910,0
4911,1
4912,1
4913,1
4914,0
4915,1
4916,0
4917,1
4918,1
4919,1
4920,1
4921,0
4922,1
4923,1
4924,1
4925,1
4926,1
4927,1
4928,1
4929,0
4930,0
4931,1
4932,1
4933,0
4934,0
4935,1
4936,1
4937,1
4938,1
4939,1
4940,1
4941,0
4942,0
4943,1
4944,1
4945,1
4946,0
4947,1
4948,1
4949,1
4950,0
4951,1
4952,1
4953,0
4954,1
4955,0
4956,0
4957,1
4958,1
4959,1
4960,0
4961,1
4962,1
4963,0
4964,0
4965,1
4966,1
4967,1
4968,0
4969,1
4970,1
4971,1
4972,1
4973,0
4974,1
4975,1
4976,1
4977,1
4978,0
4979,1
4980,1
4981,0
4982,1
4983,1
4984,1
4985,0
4986,1
4987,1
4988,0
4989,1
4990,1
4991,1
4992,1
4993,0
4994,1
4995,1
4996,0
4997,1
4998,1
4999,1
5000,1
5001,0
5002,0
5003,0
5004,1
5005,1
5006,1
5007,0
5008,1
5009,1
5010,1
5011,1
5012,1
5013,1
5014,1
5015,1
5016,1
5017,1
5018,1
5019,1
5020,0
5021,1
5022,0
5023,1
5024,0
5025,1
5026,1
5027,0
5028,0
5029,1
5030,0
5031,1
5032,1
5033,1
5034,0
5035,1
5036,1
5037,1
5038,0
5039,1
5040,1
5041,1
5042,0
5043,0
5044,0
5045,0
5046,1
5047,1
5048,0
5049,0
5050,0
5051,1
5052,1
5053,0
5054,1
5055,1
5056,1
5057,1
5058,0
5059,1
5060,0
5061,1
5062,1
5063,1
5064,1
5065,1
5066,1
5067,1
5068,1
5069,1
5070,1
5071,1
5072,1
5073,1
5074,1
5075,1
5076,1
5077,1
5078,1
5079,0
5080,0
5081,0
5082,1
5083,1
5084,0
5085,0
5086,0
5087,0
5088,1
5089,1
5090,1
5091,0
5092,0
5093,1
5094,1
5095,1
5096,1
5097,1
5098,0
5099,0
5100,1
5101,1
5102,0
5103,1
5104,1
5105,0
5106,0
5107,0
5108,1
5109,0
5110,1
5111,1
5112,0
5113,1
5114,0
5115,0
5116,1
5117,1
5118,1
5119,0
5120,1
5121,1
5122,1
5123,0
5124,1
5125,0
5126,1
5127,1
5128,0
5129,1
5130,1
5131,1
5132,1
5133,0
5134,0
5135,1
5136,1
5137,0
5138,1
5139,1
5140,1
5141,1
5142,1
5143,0
5144,0
5145,1
5146,1
5147,1
5148,1
5149,1
5150,1
5151,1
5152,1
5153,1
5154,1
5155,1
5156,0
5157,0
5158,1
5159,1
5160,1
5161,1
5162,1
5163,1
5164,1
5165,1
5166,0
5167,1
5168,1
5169,0
5170,1
5171,1
5172,1
5173,1
5174,0
5175,1
5176,0
5177,1
5178,0
5179,1
5180,0
5181,1
5182,1
5183,1
5184,1
5185,1
5186,1
5187,0
5188,0
5189,1
5190,1
5191,1
5192,1
5193,0
5194,1
5195,1
5196,0
5197,0
5198,0
5199,0
5200,1
5201,1
5202,0
5203,0
5204,1
5205,1
5206,1
5207,1
5208,1
5209,1
5210,1
5211,1
5212,1
5213,0
5214,0
5215,0
5216,1
5217,0
5218,1
5219,1
5220,1
5221,0
5222,1
5223,1
5224,0
5225,0
5226,0
5227,1
5228,1
5229,1
5230,1
5231,1
5232,1
5233,0
5234,1
5235,1
5236,1
5237,0
5238,1
5239,0
5240,1
5241,1
5242,1
5243,1
5244,0
5245,1
5246,0
5247,1
5248,1
5249,1
5250,1
5251,0
5252,0
5253,0
5254,1
5255,1
5256,1
5257,1
5258,0
5259,0
5260,0
5261,1
5262,0
5263,1
5264,1
5265,0
5266,1
5267,0
5268,0
5269,1
5270,0
5271,1
5272,1
5273,0
5274,1
5275,0
5276,1
5277,1
5278,1
5279,0
5280,1
5281,1
5282,1
5283,1
5284,1
5285,0
5286,1
5287,1
5288,1
5289,0
5290,0
5291,1
5292,1
5293,0
5294,1
5295,1
5296,0
5297,0
5298,1
5299,1
5300,0
5301,0
5302,1
5303,0
5304,1
5305,1
5306,1
5307,0
5308,0
5309,1
5310,0
5311,1
5312,1
5313,1
5314,1
5315,0
5316,0
5317,1
5318,0
5319,1
5320,0
5321,0
5322,1
5323,1
5324,1
5325,1
5326,1
5327,0
5328,1
5329,1
5330,0
5331,1
5332,0
5333,1
5334,1
5335,1
5336,0
5337,0
5338,0
5339,0
5340,1
5341,0
5342,1
5343,0
5344,1
5345,1
5346,0
5347,1
5348,1
5349,1
5350,0
5351,1
5352,0
5353,1
5354,1
5355,1
5356,1
5357,1
5358,1
5359,1
5360,1
5361,1
5362,0
5363,1
5364,0
5365,0
5366,1
5367,1
5368,1
5369,0
5370,1
5371,1
5372,1
5373,0
5374,0
5375,0
5376,1
5377,1
5378,1
5379,1
5380,1
5381,1
5382,1
5383,1
5384,0
5385,1
5386,1
5387,1
5388,1
5389,1
5390,1
5391,1
5392,0
5393,1
5394,0
5395,0
5396,1
5397,1
5398,1
5399,1
5400,1
5401,0
5402,1
5403,0
5404,1
5405,1
5406,1
5407,1
5408,1
5409,0
5410,0
5411,1
5412,1
5413,1
5414,1
5415,1
5416,1
5417,1
5418,0
5419,0
5420,1
5421,1
5422,0
5423,1
5424,1
5425,1
5426,0
5427,1
5428,1
5429,0
5430,1
5431,1
5432,1
5433,0
5434,0
5435,1
5436,1
5437,0
5438,1
5439,0
5440,1
5441,1
5442,1
5443,1
5444,0
5445,0
5446,1
5447,1
5448,1
5449,0
5450,1
5451,1
5452,0
5453,1
5454,1
5455,1
5456,1
5457,0
5458,0
5459,0
5460,0
5461,1
5462,0
5463,1
5464,1
5465,0
5466,0
5467,1
5468,1
5469,1
5470,1
5471,1
5472,1
5473,1
5474,0
5475,1
5476,1
5477,1
5478,1
5479,1
5480,1
5481,1
5482,1
5483,0
5484,1
5485,1
5486,1
5487,1
5488,1
5489,0
5490,1
5491,0
5492,1
5493,1
5494,1
5495,1
5496,0
5497,0
5498,1
5499,0
5500,1
5501,1
5502,1
5503,1
5504,0
5505,1
5506,1
5507,0
5508,0
5509,1
5510,1
5511,1
5512,0
5513,0
5514,1
5515,1
5516,1
5517,1
5518,1
5519,1
5520,1
5521,0
5522,0
5523,1
5524,1
5525,0
5526,1
5527,0
5528,0
5529,1
5530,0
5531,1
5532,0
5533,1
5534,0
5535,0
5536,1
5537,1
5538,0
5539,1
5540,1
5541,0
5542,1
5543,1
5544,0
5545,0
5546,0
5547,1
5548,1
5549,1
5550,0
5551,0
5552,1
5553,1
5554,1
5555,0
5556,0
5557,0
5558,1
5559,1
5560,1
5561,1
5562,1
5563,0
5564,1
5565,1
5566,0
5567,1
5568,0
5569,1
5570,1
5571,1
5572,1
5573,1
5574,0
5575,1
5576,1
5577,1
5578,1
5579,1
5580,1
5581,1
5582,1
5583,1
5584,1
5585,1
5586,1
5587,1
5588,1
5589,1
5590,0
5591,0
5592,1
5593,1
5594,0
5595,0
5596,0
5597,1
5598,1
5599,1
5600,1
5601,1
5602,1
5603,0
5604,1
5605,1
5606,0
5607,1
5608,0
5609,1
5610,0
5611,0
5612,1
5613,0
5614,0
5615,0
5616,1
5617,0
5618,0
5619,0
5620,1
5621,0
5622,0
5623,1
5624,1
5625,0
5626,1
5627,1
5628,1
5629,0
5630,1
5631,1
5632,1
5633,1
5634,1
5635,1
5636,1
5637,1
5638,1
5639,1
5640,1
5641,1
5642,0
5643,1
5644,1
5645,0
5646,1
5647,0
5648,1
5649,1
5650,0
5651,1
5652,0
5653,0
5654,0
5655,1
5656,0
5657,1
5658,1
5659,1
5660,1
5661,1
5662,0
5663,1
5664,0
5665,0
5666,0
5667,0
5668,1
5669,1
5670,1
5671,1
5672,1
5673,1
5674,1
5675,1
5676,1
5677,1
5678,1
5679,0
5680,1
5681,0
5682,0
5683,1
5684,0
5685,1
5686,0
5687,0
5688,0
5689,1
5690,1
5691,1
5692,0
5693,0
5694,1
5695,0
5696,1
5697,0
5698,0
5699,1
5700,1
5701,0
5702,1
5703,1
5704,1
5705,0
5706,0
5707,1
5708,0
5709,1
5710,1
5711,1
5712,1
5713,0
5714,0
5715,1
5716,0
5717,1
5718,1
5719,1
5720,1
5721,1
5722,0
5723,0
5724,1
5725,0
5726,1
5727,1
5728,1
5729,0
5730,0
5731,0
5732,1
5733,1
5734,0
5735,1
5736,1
5737,1
5738,1
5739,1
5740,1
5741,1
5742,1
5743,1
5744,1
5745,0
5746,1
5747,1
5748,1
5749,1
5750,1
5751,1
5752,1
5753,1
5754,0
5755,1
5756,1
5757,1
5758,0
5759,1
5760,1
5761,0
5762,1
5763,1
5764,1
5765,0
5766,1
5767,1
5768,1
5769,1
5770,1
5771,1
5772,0
5773,1
5774,0
5775,0
5776,1
5777,1
5778,1
5779,1
5780,0
5781,0
5782,0
5783,1
5784,1
5785,0
5786,1
5787,1
5788,0
5789,1
5790,0
5791,0
5792,1
5793,1
5794,1
5795,1
5796,0
5797,1
5798,1
5799,0
5800,1
5801,1
5802,0
5803,0
5804,1
5805,1
5806,1
5807,1
5808,0
5809,1
5810,0
5811,1
5812,0
5813,0
5814,0
5815,1
5816,1
5817,0
5818,0
5819,1
5820,0
5821,0
5822,1
5823,1
5824,1
5825,0
5826,0
5827,1
5828,1
5829,1
5830,1
5831,1
5832,0
5833,1
5834,1
5835,1
5836,1
5837,0
5838,1
5839,0
5840,1
5841,0
5842,0
5843,1
5844,0
5845,0
5846,0
5847,1
5848,0
5849,1
5850,0
5851,0
5852,1
5853,0
5854,1
5855,1
5856,1
5857,0
5858,1
5859,0
5860,1
5861,1
5862,1
5863,0
5864,0
5865,0
5866,0
5867,0
5868,0
5869,0
5870,0
5871,0
5872,0
5873,0
5874,0
5875,1
5876,1
5877,1
5878,1
5879,1
5880,1
5881,1
5882,1
5883,1
5884,1
5885,1
5886,0
5887,0
5888,1
5889,1
5890,1
5891,1
5892,1
5893,1
5894,1
5895,1
5896,1
5897,0
5898,1
5899,1
5900,1
5901,1
5902,0
5903,1
5904,0
5905,1
5906,1
5907,0
5908,1
5909,1
5910,0
5911,1
5912,0
5913,1
5914,1
5915,0
5916,1
5917,0
5918,1
5919,0
5920,1
5921,1
5922,1
5923,0
5924,1
5925,1
5926,1
5927,1
5928,0
5929,1
5930,1
5931,0
5932,1
5933,1
5934,1
5935,1
5936,1
5937,1
5938,1
5939,1
5940,0
5941,1
5942,1
5943,1
5944,1
5945,0
5946,1
5947,1
5948,0
5949,1
5950,1
5951,0
5952,1
5953,1
5954,1
5955,1
5956,1
5957,1
5958,1
5959,1
5960,1
5961,0
5962,0
5963,1
5964,1
5965,1
5966,1
5967,0
5968,1
5969,1
5970,1
5971,0
5972,0
5973,1
5974,1
5975,1
5976,1
5977,1
5978,1
5979,1
5980,1
5981,1
5982,1
5983,1
5984,0
5985,1
5986,1
5987,1
5988,0
5989,1
5990,0
5991,1
5992,1
5993,1
5994,1
5995,0
5996,1
5997,0
5998,0
5999,1
6000,1
6001,1
6002,1
6003,1
6004,1
6005,0
6006,0
6007,1
6008,1
6009,1
6010,1
6011,0
6012,1
6013,0
6014,0
6015,1
6016,0
6017,0
6018,0
6019,1
6020,1
6021,0
6022,1
6023,1
6024,1
6025,0
6026,1
6027,0
6028,1
6029,0
6030,1
6031,1
6032,1
6033,1
6034,0
6035,1
6036,1
6037,1
6038,0
6039,1
6040,0
6041,0
6042,1
6043,0
6044,1
6045,1
6046,1
6047,1
6048,1
6049,1
6050,1
6051,1
6052,1
6053,1
6054,0
6055,1
6056,1
6057,0
6058,1
6059,1
6060,1
6061,1
6062,1
6063,0
6064,1
6065,0
6066,0
6067,0
6068,0
6069,1
6070,1
6071,1
6072,0
6073,1
6074,0
6075,0
6076,1
6077,1
6078,1
6079,0
6080,1
6081,1
6082,1
6083,1
6084,0
6085,0
6086,0
6087,1
6088,1
6089,1
6090,0
6091,1
6092,1
6093,1
6094,1
6095,0
6096,0
6097,0
6098,0
6099,1
6100,0
6101,1
6102,1
6103,1
6104,0
6105,1
6106,1
6107,1
6108,1
6109,1
6110,1
6111,1
6112,1
6113,1
6114,1
6115,1
6116,1
6117,1
6118,1
6119,1
6120,1
6121,0
6122,1
6123,1
6124,1
6125,0
6126,1
6127,1
6128,1
6129,1
6130,0
6131,1
6132,1
6133,0
6134,1
6135,0
6136,0
6137,1
6138,0
6139,1
6140,1
6141,1
6142,1
6143,0
6144,0
6145,0
6146,1
6147,1
6148,0
6149,1
6150,0
6151,1
6152,1
6153,0
6154,0
6155,1
6156,1
6157,0
6158,1
6159,0
6160,1
6161,0
6162,1
6163,1
6164,1
6165,0
6166,0
6167,1
6168,0
6169,0
6170,0
6171,1
6172,1
6173,0
6174,0
6175,1
6176,1
6177,1
6178,1
6179,1
6180,0
6181,1
6182,1
6183,1
6184,0
6185,0
6186,1
6187,0
6188,0
6189,0
6190,1
6191,1
6192,1
6193,1
6194,1
6195,0
6196,1
6197,1
6198,1
6199,1
6200,1
6201,0
6202,1
6203,0
6204,1
6205,1
6206,1
6207,1
6208,1
6209,1
6210,1
6211,1
6212,1
6213,1
6214,0
6215,1
6216,1
6217,1
6218,1
6219,1
6220,0
6221,0
6222,1
6223,1
6224,0
6225,0
6226,1
6227,1
6228,1
6229,1
6230,1
6231,1
6232,0
6233,1
6234,1
6235,1
6236,1
6237,1
6238,1
6239,1
6240,0
6241,1
6242,1
6243,1
6244,1
6245,1
6246,1
6247,1
6248,1
6249,1
6250,1
6251,1
6252,0
6253,0
6254,0
6255,1
6256,0
6257,1
6258,1
6259,1
6260,1
6261,0
6262,0
6263,1
6264,1
6265,1
6266,1
6267,1
6268,1
6269,0
6270,0
6271,1
6272,0
6273,1
6274,0
6275,1
6276,0
6277,0
6278,1
6279,1
6280,1
6281,1
6282,1
6283,1
6284,0
6285,1
6286,1
6287,1
6288,0
6289,1
6290,1
6291,1
6292,1
6293,0
6294,1
6295,1
6296,1
6297,1
6298,0
6299,1
6300,1
6301,1
6302,1
6303,0
6304,0
6305,0
6306,1
6307,1
6308,1
6309,1
6310,1
6311,0
6312,0
6313,0
6314,1
6315,1
6316,0
6317,1
6318,1
6319,1
6320,0
6321,1
6322,0
6323,1
6324,1
6325,0
6326,1
6327,1
6328,1
6329,1
6330,1
6331,0
6332,1
6333,1
6334,0
6335,1
6336,1
6337,1
6338,0
6339,1
6340,0
6341,1
6342,1
6343,0
6344,1
6345,1
6346,0
6347,1
6348,1
6349,0
6350,0
6351,1
6352,0
6353,1
6354,1
6355,1
6356,1
6357,0
6358,0
6359,1
6360,0
6361,0
6362,0
6363,1
6364,0
6365,1
6366,1
6367,0
6368,0
6369,0
6370,1
6371,0
6372,1
6373,0
6374,0
6375,0
6376,1
6377,1
6378,1
6379,1
6380,0
6381,1
6382,0
6383,1
6384,1
6385,1
6386,1
6387,1
6388,1
6389,0
6390,1
6391,1
6392,0
6393,1
6394,1
6395,1
6396,0
6397,0
6398,1
6399,1
6400,1
6401,1
6402,1
6403,1
6404,0
6405,1
6406,1
6407,0
6408,0
6409,1
6410,1
6411,1
6412,1
6413,1
6414,1
6415,0
6416,0
6417,0
6418,1
6419,1
6420,1
6421,1
6422,1
6423,1
6424,0
6425,1
6426,0
6427,1
6428,1
6429,1
6430,0
6431,1
6432,0
6433,1
6434,0
6435,0
6436,0
6437,1
6438,1
6439,1
6440,1
6441,1
6442,1
6443,1
6444,1
6445,1
6446,1
6447,1
6448,1
6449,0
6450,0
6451,1
6452,1
6453,1
6454,1
6455,0
6456,0
6457,1
6458,0
6459,0
6460,1
6461,0
6462,1
6463,1
6464,0
6465,0
6466,1
6467,0
6468,0
6469,0
6470,1
6471,1
6472,1
6473,1
6474,1
6475,1
6476,1
6477,1
6478,0
6479,1
6480,0
6481,1
6482,1
6483,1
6484,0
6485,1
6486,0
6487,1
6488,1
6489,1
6490,1
6491,1
6492,1
6493,1
6494,1
6495,0
6496,0
6497,1
6498,0
6499,0
6500,1
6501,0
6502,0
6503,0
6504,0
6505,1
6506,1
6507,1
6508,1
6509,1
6510,0
6511,1
6512,1
6513,1
6514,1
6515,1
6516,1
6517,1
6518,0
6519,0
6520,1
6521,0
6522,0
6523,1
6524,1
6525,1
6526,1
6527,1
6528,1
6529,1
6530,1
6531,1
6532,0
6533,1
6534,1
6535,1
6536,1
6537,0
6538,0
6539,1
6540,1
6541,0
6542,1
6543,0
6544,0
6545,1
6546,1
6547,1
6548,1
6549,1
6550,1
6551,1
6552,1
6553,0
6554,0
6555,0
6556,0
6557,1
6558,0
6559,1
6560,1
6561,1
6562,1
6563,1
6564,0
6565,1
6566,1
6567,1
6568,0
6569,0
6570,1
6571,1
6572,0
6573,1
6574,1
6575,1
6576,1
6577,0
6578,1
6579,0
6580,1
6581,0
6582,1
6583,1
6584,1
6585,1
6586,1
6587,1
6588,1
6589,1
6590,0
6591,0
6592,1
6593,1
6594,0
6595,1
6596,1
6597,1
6598,1
6599,0
6600,1
6601,1
6602,1
6603,1
6604,1
6605,0
6606,1
6607,0
6608,0
6609,0
6610,1
6611,1
6612,1
6613,1
6614,1
6615,0
6616,0
6617,1
6618,1
6619,1
6620,1
6621,0
6622,1
6623,1
6624,1
6625,1
6626,1
6627,1
6628,0
6629,0
6630,1
6631,1
6632,1
6633,0
6634,1
6635,1
6636,1
6637,0
6638,0
6639,1
6640,1
6641,0
6642,0
6643,1
6644,0
6645,0
6646,0
6647,0
6648,1
6649,1
6650,0
6651,1
6652,0
6653,0
6654,0
6655,1
6656,1
6657,1
6658,1
6659,1
6660,1
6661,0
6662,1
6663,0
6664,1
6665,0
6666,0
6667,1
6668,1
6669,0
6670,0
6671,0
6672,0
6673,1
6674,1
6675,1
6676,0
6677,1
6678,0
6679,0
6680,0
6681,1
6682,1
6683,1
6684,1
6685,1
6686,1
6687,1
6688,1
6689,1
6690,0
6691,1
6692,0
6693,1
6694,0
6695,0
6696,1
6697,1
6698,1
6699,1
6700,1
6701,1
6702,1
6703,0
6704,1
6705,0
6706,0
6707,0
6708,1
6709,0
6710,1
6711,1
6712,1
6713,0
6714,1
6715,0
6716,1
6717,1
6718,1
6719,0
6720,1
6721,1
6722,1
6723,1
6724,1
6725,1
6726,1
6727,1
6728,1
6729,0
6730,0
6731,1
6732,1
6733,1
6734,0
6735,1
6736,1
6737,0
6738,1
6739,1
6740,1
6741,1
6742,1
6743,1
6744,1
6745,1
6746,1
6747,1
6748,1
6749,0
6750,0
6751,1
6752,0
6753,1
6754,0
6755,1
6756,0
6757,0
6758,0
6759,1
6760,1
6761,0
6762,1
6763,1
6764,1
6765,1
6766,1
6767,1
6768,1
6769,0
6770,0
6771,1
6772,1
6773,0
6774,0
6775,1
6776,1
6777,1
6778,1
6779,1
6780,1
6781,0
6782,1
6783,1
6784,0
6785,1
6786,1
6787,1
6788,1
6789,1
6790,1
6791,1
6792,1
6793,1
6794,1
6795,1
6796,1
6797,0
6798,1
6799,1
6800,1
6801,0
6802,0
6803,1
6804,1
6805,1
6806,0
6807,0
6808,0
6809,0
6810,1
6811,1
6812,1
6813,1
6814,0
6815,1
6816,1
6817,0
6818,0
6819,1
6820,1
6821,1
6822,1
6823,0
6824,1
6825,0
6826,1
6827,1
6828,0
6829,1
6830,1
6831,1
6832,1
6833,1
6834,0
6835,1
6836,1
6837,1
6838,1
6839,0
6840,0
6841,1
6842,1
6843,0
6844,0
6845,1
6846,1
6847,1
6848,1
6849,1
6850,1
6851,1
6852,1
6853,0
6854,0
6855,0
6856,1
6857,1
6858,0
6859,1
6860,1
6861,0
6862,1
6863,0
6864,0
6865,1
6866,1
6867,1
6868,1
6869,1
6870,0
6871,0
6872,0
6873,1
6874,1
6875,1
6876,1
6877,1
6878,0
6879,1
6880,0
6881,0
6882,1
6883,1
6884,0
6885,0
6886,1
6887,1
6888,1
6889,1
6890,1
6891,1
6892,0
6893,0
6894,1
6895,0
6896,1
6897,1
6898,1
6899,0
6900,1
6901,1
6902,1
6903,1
6904,1
6905,1
6906,1
6907,1
6908,1
6909,1
6910,1
6911,1
6912,1
6913,1
6914,1
6915,1
6916,0
6917,1
6918,1
6919,1
6920,1
6921,1
6922,1
6923,0
6924,1
6925,1
6926,0
6927,0
6928,0
6929,0
6930,1
6931,1
6932,1
6933,1
6934,1
6935,1
6936,1
6937,1
6938,0
6939,1
6940,1
6941,1
6942,0
6943,0
6944,1
6945,1
6946,1
6947,1
6948,1
6949,0
6950,1
6951,0
6952,1
6953,1
6954,1
6955,1
6956,1
6957,0
6958,1
6959,1
6960,0
6961,0
6962,1
6963,1
6964,1
6965,1
6966,1
6967,0
6968,1
6969,0
6970,1
6971,0
6972,0
6973,1
6974,1
6975,1
6976,1
6977,1
6978,0
6979,1
6980,1
6981,0
6982,1
6983,1
6984,1
6985,1
6986,1
6987,1
6988,1
6989,1
6990,0
6991,0
6992,1
6993,1
6994,0
6995,1
6996,1
6997,0
6998,0
6999,0
7000,1
7001,1
7002,1
7003,1
7004,0
7005,1
7006,1
7007,0
7008,1
7009,1
7010,1
7011,1
7012,0
7013,0
7014,0
7015,1
7016,1
7017,1
7018,1
7019,0
7020,0
7021,0
7022,1
7023,1
7024,1
7025,1
7026,1
7027,1
7028,1
7029,1
7030,0
7031,1
7032,0
7033,0
7034,1
7035,0
7036,1
7037,1
7038,0
7039,1
7040,1
7041,1
7042,0
7043,0
7044,1
7045,1
7046,1
7047,1
7048,1
7049,1
7050,1
7051,1
7052,1
7053,0
7054,1
7055,1
7056,1
7057,1
7058,1
7059,1
7060,1
7061,0
7062,1
7063,1
7064,0
7065,0
7066,1
7067,0
7068,1
7069,1
7070,0
7071,1
7072,0
7073,1
7074,0
7075,1
7076,1
7077,1
7078,1
7079,1
7080,0
7081,1
7082,1
7083,0
7084,1
7085,1
7086,0
7087,0
7088,1
7089,1
7090,1
7091,1
7092,1
7093,1
7094,0
7095,0
7096,1
7097,0
7098,0
7099,1
7100,1
7101,0
7102,1
7103,1
7104,1
7105,1
7106,1
7107,1
7108,1
7109,1
7110,1
7111,1
7112,0
7113,1
7114,1
7115,1
7116,1
7117,1
7118,1
7119,1
7120,1
7121,0
7122,0
7123,1
7124,1
7125,0
7126,1
7127,1
7128,1
7129,1
7130,1
7131,1
7132,0
7133,1
7134,1
7135,0
7136,0
7137,1
7138,1
7139,0
7140,1
7141,1
7142,1
7143,1
7144,1
7145,0
7146,1
7147,0
7148,0
7149,0
7150,0
7151,0
7152,1
7153,0
7154,1
7155,1
7156,1
7157,1
7158,1
7159,1
7160,0
7161,1
7162,1
7163,1
7164,1
7165,1
7166,1
7167,1
7168,0
7169,1
7170,1
7171,0
7172,1
7173,1
7174,0
7175,1
7176,1
7177,0
7178,0
7179,0
7180,1
7181,0
7182,1
7183,0
7184,1
7185,1
7186,1
7187,1
7188,1
7189,1
7190,1
7191,0
7192,1
7193,1
7194,1
7195,1
7196,1
7197,1
7198,1
7199,1
7200,0
7201,1
7202,1
7203,1
7204,1
7205,1
7206,1
7207,1
7208,1
7209,1
7210,0
7211,1
7212,0
7213,1
7214,1
7215,0
7216,1
7217,0
7218,0
7219,1
7220,0
7221,1
7222,1
7223,0
7224,1
7225,1
7226,1
7227,1
7228,1
7229,1
7230,1
7231,0
7232,1
7233,1
7234,0
7235,1
7236,1
7237,1
7238,1
7239,1
7240,1
7241,1
7242,0
7243,1
7244,0
7245,0
7246,1
7247,1
7248,0
7249,1
7250,1
7251,1
7252,1
7253,0
7254,1
7255,0
7256,1
7257,1
7258,0
7259,1
7260,1
7261,0
7262,1
7263,0
7264,1
7265,0
7266,0
7267,1
7268,1
7269,0
7270,0
7271,0
7272,0
7273,1
7274,1
7275,1
7276,1
7277,1
7278,0
7279,0
7280,0
7281,1
7282,0
7283,1
7284,0
7285,1
7286,1
7287,0
7288,0
7289,1
7290,1
7291,1
7292,1
7293,1
7294,1
7295,0
7296,1
7297,1
7298,1
7299,1
7300,0
7301,1
7302,1
7303,1
7304,0
7305,1
7306,1
7307,1
7308,1
7309,1
7310,1
7311,1
7312,0
7313,1
7314,1
7315,1
7316,1
7317,1
7318,1
7319,1
7320,1
7321,1
7322,1
7323,1
7324,1
7325,1
7326,1
7327,0
7328,0
7329,0
7330,1
7331,0
7332,1
7333,1
7334,0
7335,1
7336,1
7337,0
7338,0
7339,1
7340,1
7341,0
7342,1
7343,1
7344,1
7345,1
7346,1
7347,1
7348,1
7349,1
7350,1
7351,0
7352,1
7353,1
7354,1
7355,1
7356,1
7357,0
7358,1
7359,0
7360,0
7361,1
7362,1
7363,0
7364,1
7365,1
7366,1
7367,0
7368,0
7369,1
7370,0
7371,1
7372,0
7373,0
7374,0
7375,0
7376,0
7377,1
7378,1
7379,1
7380,1
7381,1
7382,1
7383,1
7384,0
7385,1
7386,0
7387,1
7388,1
7389,0
7390,1
7391,0
7392,1
7393,1
7394,1
7395,1
7396,0
7397,0
7398,1
7399,0
7400,1
7401,0
7402,1
7403,1
7404,1
7405,1
7406,0
7407,0
7408,1
7409,1
7410,0
7411,0
7412,0
7413,1
7414,1
7415,0
7416,1
7417,1
7418,0
7419,0
7420,1
7421,0
7422,1
7423,1
7424,1
7425,1
7426,0
7427,0
7428,0
7429,1
7430,1
7431,1
7432,0
7433,1
7434,0
7435,0
7436,1
7437,1
7438,1
7439,1
7440,1
7441,0
7442,1
7443,0
7444,1
7445,0
7446,0
7447,1
7448,1
7449,1
7450,0
7451,1
7452,1
7453,1
7454,1
7455,1
7456,1
7457,1
7458,0
7459,0
7460,0
7461,0
7462,0
7463,0
7464,1
7465,1
7466,1
7467,0
7468,0
7469,0
7470,1
7471,1
7472,0
7473,1
7474,1
7475,1
7476,1
7477,1
7478,1
7479,1
7480,0
7481,0
7482,0
7483,0
7484,1
7485,1
7486,1
7487,1
7488,1
7489,1
7490,1
7491,0
7492,1
7493,1
7494,1
7495,0
7496,1
7497,1
7498,1
7499,1
7500,1
7501,0
7502,1
7503,1
7504,1
7505,1
7506,0
7507,0
7508,0
7509,0
7510,1
7511,1
7512,0
7513,1
7514,0
7515,0
7516,1
7517,0
7518,1
7519,1
7520,1
7521,0
7522,0
7523,0
7524,1
7525,0
7526,1
7527,1
7528,0
7529,0
7530,0
7531,0
7532,1
7533,1
7534,1
7535,1
7536,1
7537,0
7538,0
7539,0
7540,0
7541,1
7542,0
7543,1
7544,0
7545,0
7546,1
7547,0
7548,1
7549,1
7550,1
7551,0
7552,1
7553,1
7554,1
7555,0
7556,1
7557,0
7558,0
7559,0
7560,1
7561,0
7562,1
7563,1
7564,1
7565,1
7566,1
7567,1
7568,0
7569,1
7570,0
7571,1
7572,1
7573,1
7574,0
7575,0
7576,1
7577,0
7578,1
7579,1
7580,1
7581,0
7582,0
7583,0
7584,0
7585,0
7586,0
7587,0
7588,1
7589,1
7590,1
7591,1
7592,0
7593,0
7594,1
7595,0
7596,1
7597,0
7598,1
7599,1
7600,1
7601,1
7602,1
7603,1
7604,1
7605,0
7606,1
7607,0
7608,1
7609,1
7610,0
7611,0
7612,0
7613,1
7614,0
7615,0
7616,0
7617,1
7618,1
7619,1
7620,0
7621,0
7622,1
7623,1
7624,0
7625,1
7626,1
7627,0
7628,1
7629,1
7630,1
7631,1
7632,1
7633,1
7634,1
7635,0
7636,1
7637,1
7638,1
7639,1
7640,1
7641,1
7642,1
7643,0
7644,1
7645,1
7646,0
7647,0
7648,1
7649,0
7650,1
7651,0
7652,1
7653,1
7654,1
7655,1
7656,1
7657,1
7658,1
7659,1
7660,1
7661,0
7662,0
7663,1
7664,1
7665,0
7666,1
7667,1
7668,1
7669,1
7670,1
7671,1
7672,0
7673,0
7674,1
7675,0
7676,1
7677,1
7678,1
7679,0
7680,0
7681,1
7682,1
7683,0
7684,0
7685,1
7686,0
7687,0
7688,1
7689,1
7690,0
7691,0
7692,1
7693,1
7694,1
7695,1
7696,0
7697,1
7698,1
7699,1
7700,1
7701,0
7702,0
7703,0
7704,0
7705,1
7706,0
7707,1
7708,0
7709,1
7710,0
7711,1
7712,0
7713,1
7714,0
7715,1
7716,0
7717,0
7718,1
7719,0
7720,1
7721,1
7722,1
7723,1
7724,1
7725,0
7726,1
7727,1
7728,1
7729,1
7730,0
7731,1
7732,1
7733,1
7734,1
7735,1
7736,1
7737,1
7738,1
7739,0
7740,1
7741,1
7742,1
7743,0
7744,1
7745,0
7746,0
7747,1
7748,1
7749,0
7750,0
7751,1
7752,0
7753,0
7754,0
7755,0
7756,1
7757,1
7758,0
7759,1
7760,1
7761,1
7762,1
7763,0
7764,0
7765,1
7766,1
7767,1
7768,0
7769,0
7770,0
7771,1
7772,0
7773,1
7774,1
7775,0
7776,1
7777,1
7778,0
7779,1
7780,1
7781,1
7782,1
7783,1
7784,1
7785,0
7786,0
7787,1
7788,0
7789,0
7790,1
7791,1
7792,1
7793,0
7794,1
7795,1
7796,1
7797,1
7798,1
7799,1
7800,0
7801,1
7802,1
7803,1
7804,1
7805,1
7806,1
7807,0
7808,1
7809,1
7810,1
7811,1
7812,0
7813,1
7814,1
7815,0
7816,1
7817,0
7818,0
7819,1
7820,1
7821,0
7822,1
7823,1
7824,1
7825,0
7826,1
7827,1
7828,1
7829,0
7830,1
7831,0
7832,1
7833,1
7834,0
7835,1
7836,1
7837,1
7838,1
7839,0
7840,0
7841,1
7842,1
7843,1
7844,1
7845,1
7846,0
7847,1
7848,1
7849,1
7850,1
7851,1
7852,1
7853,0
7854,1
7855,1
7856,0
7857,1
7858,1
7859,1
7860,0
7861,1
7862,1
7863,1
7864,0
7865,1
7866,0
7867,1
7868,1
7869,0
7870,0
7871,0
7872,1
7873,1
7874,1
7875,1
7876,1
7877,0
7878,1
7879,0
7880,0
7881,0
7882,0
7883,0
7884,1
7885,1
7886,1
7887,0
7888,1
7889,0
7890,0
7891,1
7892,1
7893,1
7894,0
7895,1
7896,1
7897,1
7898,1
7899,1
7900,1
7901,0
7902,1
7903,1
7904,1
7905,0
7906,0
7907,1
7908,0
7909,0
7910,1
7911,0
7912,0
7913,0
7914,1
7915,1
7916,1
7917,1
7918,1
7919,1
7920,1
7921,1
7922,1
7923,1
7924,1
7925,1
7926,1
7927,0
7928,0
7929,0
7930,1
7931,1
7932,0
7933,1
7934,1
7935,0
7936,1
7937,1
7938,0
7939,0
7940,0
7941,0
7942,1
7943,1
7944,0
7945,1
7946,1
7947,1
7948,1
7949,1
7950,1
7951,0
7952,0
7953,1
7954,1
7955,0
7956,1
7957,1
7958,1
7959,1
7960,1
7961,1
7962,0
7963,0
7964,1
7965,1
7966,1
7967,1
7968,1
7969,0
7970,1
7971,1
7972,1
7973,0
7974,1
7975,1
7976,0
7977,1
7978,0
7979,1
7980,0
7981,1
7982,0
7983,1
7984,1
7985,1
7986,1
7987,1
7988,1
7989,0
7990,0
7991,1
7992,0
7993,1
7994,1
7995,1
7996,0
7997,1
7998,0
7999,1
8000,0
8001,1
8002,1
8003,1
8004,0
8005,1
8006,1
8007,1
8008,1
8009,1
8010,0
8011,0
8012,0
8013,1
8014,0
8015,1
8016,0
8017,0
8018,0
8019,1
8020,1
8021,1
8022,1
8023,1
8024,0
8025,0
8026,1
8027,1
8028,1
8029,1
8030,1
8031,1
8032,1
8033,1
8034,1
8035,1
8036,1
8037,0
8038,0
8039,1
8040,1
8041,1
8042,1
8043,1
8044,1
8045,0
8046,0
8047,0
8048,1
8049,1
8050,1
8051,1
8052,0
8053,1
8054,1
8055,1
8056,1
8057,1
8058,1
8059,0
8060,0
8061,0
8062,0
8063,0
8064,0
8065,0
8066,0
8067,0
8068,0
8069,0
8070,0
8071,1
8072,1
8073,1
8074,1
8075,1
8076,1
8077,1
8078,0
8079,1
8080,0
8081,1
8082,1
8083,1
8084,1
8085,0
8086,0
8087,1
8088,0
8089,1
8090,1
8091,0
8092,0
8093,1
8094,0
8095,0
8096,0
8097,0
8098,1
8099,1
8100,1
8101,0
8102,1
8103,1
8104,0
8105,1
8106,0
8107,1
8108,1
8109,1
8110,1
8111,1
8112,1
8113,0
8114,1
8115,1
8116,1
8117,1
8118,1
8119,0
8120,1
8121,0
8122,1
8123,1
8124,0
8125,1
8126,0
8127,0
8128,0
8129,1
8130,0
8131,1
8132,1
8133,1
8134,1
8135,0
8136,0
8137,1
8138,1
8139,1
8140,1
8141,1
8142,0
8143,1
8144,0
8145,1
8146,1
8147,1
8148,1
8149,1
8150,0
8151,1
8152,1
8153,0
8154,0
8155,0
8156,1
8157,0
8158,1
8159,1
8160,1
8161,1
8162,0
8163,0
8164,1
8165,1
8166,1
8167,1
8168,0
8169,1
8170,0
8171,0
8172,1
8173,1
8174,0
8175,1
8176,0
8177,1
8178,0
8179,0
8180,0
8181,0
8182,1
8183,1
8184,1
8185,1
8186,1
8187,0
8188,1
8189,0
8190,0
8191,1
8192,1
8193,1
8194,0
8195,1
8196,1
8197,1
8198,1
8199,1
8200,1
8201,1
8202,1
8203,0
8204,1
8205,1
8206,1
8207,0
8208,1
8209,1
8210,1
8211,1
8212,1
8213,1
8214,0
8215,0
8216,1
8217,0
8218,1
8219,1
8220,0
8221,0
8222,0
8223,0
8224,0
8225,1
8226,0
8227,1
8228,0
8229,1
8230,1
8231,0
8232,0
8233,0
8234,1
8235,1
8236,1
8237,1
8238,0
8239,1
8240,1
8241,1
8242,0
8243,1
8244,0
8245,0
8246,0
8247,0
8248,0
8249,0
8250,1
8251,0
8252,1
8253,1
8254,0
8255,0
8256,0
8257,1
8258,1
8259,1
8260,0
8261,1
8262,0
8263,0
8264,0
8265,1
8266,0
8267,1
8268,1
8269,0
8270,1
8271,0
8272,0
8273,1
8274,1
8275,1
8276,1
8277,1
8278,0
8279,0
8280,1
8281,1
8282,0
8283,0
8284,0
8285,1
8286,1
8287,1
8288,1
8289,0
8290,0
8291,0
8292,1
8293,1
8294,1
8295,0
8296,0
8297,1
8298,0
8299,1
8300,1
8301,0
8302,1
8303,1
8304,0
8305,1
8306,1
8307,1
8308,1
8309,0
8310,1
8311,1
8312,1
8313,0
8314,1
8315,0
8316,1
8317,0
8318,0
8319,0
8320,1
8321,0
8322,0
8323,1
8324,0
8325,0
8326,0
8327,0
8328,0
8329,0
8330,0
8331,1
8332,1
8333,1
8334,0
8335,1
8336,0
8337,0
8338,0
8339,1
8340,1
8341,1
8342,1
8343,1
8344,1
8345,1
8346,1
8347,0
8348,1
8349,1
8350,1
8351,1
8352,1
8353,1
8354,0
8355,0
8356,0
8357,1
8358,1
8359,0
8360,1
8361,1
8362,1
8363,1
8364,1
8365,1
8366,1
8367,0
8368,1
8369,0
8370,1
8371,1
8372,0
8373,1
8374,1
8375,1
8376,0
8377,1
8378,1
8379,0
8380,0
8381,1
8382,0
8383,1
8384,1
8385,1
8386,1
8387,1
8388,0
8389,0
8390,1
8391,1
8392,1
8393,1
8394,1
8395,1
8396,1
8397,1
8398,1
8399,1
8400,1
8401,1
8402,0
8403,1
8404,1
8405,1
8406,1
8407,1
8408,1
8409,1
8410,1
8411,1
8412,1
8413,1
8414,1
8415,0
8416,1
8417,1
8418,1
8419,1
8420,1
8421,1
8422,0
8423,1
8424,1
8425,0
8426,1
8427,1
8428,1
8429,1
8430,1
8431,1
8432,1
8433,1
8434,1
8435,1
8436,1
8437,1
8438,1
8439,1
8440,1
8441,1
8442,1
8443,1
8444,1
8445,1
8446,0
8447,1
8448,1
8449,1
8450,1
8451,1
8452,0
8453,1
8454,1
8455,0
8456,1
8457,0
8458,0
8459,1
8460,1
8461,0
8462,1
8463,1
8464,0
8465,1
8466,0
8467,1
8468,1
8469,1
8470,1
8471,1
8472,1
8473,1
8474,1
8475,1
8476,0
8477,1
8478,1
8479,0
8480,0
8481,0
8482,1
8483,1
8484,1
8485,1
8486,0
8487,0
8488,1
8489,1
8490,1
8491,1
8492,1
8493,0
8494,0
8495,1
8496,1
8497,1
8498,1
8499,1
8500,0
8501,1
8502,1
8503,0
8504,1
8505,1
8506,0
8507,0
8508,1
8509,1
8510,1
8511,1
8512,1
8513,0
8514,0
8515,0
8516,1
8517,1
8518,1
8519,1
8520,1
8521,1
8522,0
8523,1
8524,1
8525,1
8526,1
8527,1
8528,0
8529,1
8530,0
8531,1
8532,0
8533,1
8534,0
8535,1
8536,0
8537,1
8538,1
8539,1
8540,1
8541,1
8542,0
8543,1
8544,1
8545,1
8546,1
8547,0
8548,1
8549,1
8550,1
8551,1
8552,1
8553,1
8554,0
8555,1
8556,1
8557,0
8558,1
8559,0
8560,0
8561,1
8562,1
8563,1
8564,1
8565,0
8566,1
8567,1
8568,1
8569,0
8570,0
8571,1
8572,0
8573,1
8574,1
8575,1
8576,1
8577,0
8578,1
8579,1
8580,1
8581,1
8582,1
8583,1
8584,1
8585,1
8586,0
8587,1
8588,1
8589,0
8590,1
8591,1
8592,1
8593,0
8594,0
8595,1
8596,1
8597,1
8598,0
8599,0
8600,0
8601,1
8602,1
8603,0
8604,1
8605,1
8606,1
8607,1
8608,1
8609,1
8610,1
8611,1
8612,0
8613,1
8614,1
8615,1
8616,1
8617,1
8618,0
8619,1
8620,1
8621,1
8622,1
8623,0
8624,1
8625,1
8626,1
8627,1
8628,1
8629,1
8630,1
8631,0
8632,1
8633,1
8634,1
8635,0
8636,1
8637,0
8638,0
8639,0
8640,1
8641,1
8642,1
8643,1
8644,0
8645,0
8646,0
8647,1
8648,1
8649,0
8650,0
8651,1
8652,1
8653,1
8654,1
8655,1
8656,1
8657,1
8658,1
8659,0
8660,0
8661,1
8662,1
8663,1
8664,1
8665,0
8666,1
8667,0
8668,0
8669,1
8670,1
8671,1
8672,1
8673,0
8674,1
8675,1
8676,1
8677,1
8678,1
8679,1
8680,1
8681,1
8682,1
8683,1
8684,0
8685,0
8686,1
8687,0
8688,1
8689,0
8690,0
8691,1
8692,1
8693,1
8694,1
8695,0
8696,1
8697,1
8698,1
8699,1
8700,0
8701,1
8702,0
8703,1
8704,1
8705,1
8706,1
8707,1
8708,0
8709,1
8710,0
8711,0
8712,1
8713,0
8714,1
8715,1
8716,1
8717,1
8718,0
8719,1
8720,1
8721,1
8722,1
8723,1
8724,1
8725,1
8726,0
8727,1
8728,1
8729,1
8730,1
8731,1
8732,1
8733,0
8734,1
8735,1
8736,1
8737,1
8738,0
8739,1
8740,0
8741,1
8742,1
8743,1
8744,1
8745,1
8746,0
8747,1
8748,0
8749,1
8750,1
8751,1
8752,1
8753,0
8754,1
8755,1
8756,1
8757,1
8758,1
8759,1
8760,0
8761,1
8762,0
8763,1
8764,1
8765,1
8766,1
8767,1
8768,1
8769,0
8770,1
8771,0
8772,0
8773,1
8774,1
8775,1
8776,1
8777,1
8778,0
8779,0
8780,1
8781,1
8782,1
8783,0
8784,1
8785,1
8786,1
8787,1
8788,1
8789,1
8790,1
8791,1
8792,1
8793,1
8794,0
8795,1
8796,0
8797,1
8798,1
8799,1
8800,1
8801,1
8802,0
8803,0
8804,0
8805,1
8806,1
8807,1
8808,1
8809,1
8810,1
8811,1
8812,0
8813,1
8814,1
8815,0
8816,1
8817,1
8818,1
8819,1
8820,1
8821,0
8822,1
8823,1
8824,1
8825,1
8826,1
8827,1
8828,1
8829,0
8830,0
8831,1
8832,1
8833,1
8834,1
8835,1
8836,0
8837,1
8838,1
8839,1
8840,1
8841,0
8842,0
8843,0
8844,0
8845,1
8846,0
8847,0
8848,0
8849,0
8850,0
8851,1
8852,0
8853,1
8854,1
8855,1
8856,1
8857,1
8858,0
8859,1
8860,1
8861,0
8862,1
8863,1
8864,0
8865,0
8866,1
8867,0
8868,1
8869,1
8870,1
8871,1
8872,1
8873,0
8874,1
8875,0
8876,0
8877,1
8878,1
8879,1
8880,1
8881,1
8882,0
8883,1
8884,0
8885,1
8886,1
8887,1
8888,1
8889,1
8890,1
8891,1
8892,1
8893,0
8894,1
8895,0
8896,1
8897,1
8898,1
8899,0
8900,1
8901,0
8902,1
8903,1
8904,1
8905,1
8906,0
8907,0
8908,1
8909,0
8910,0
8911,1
8912,0
8913,1
8914,1
8915,1
8916,1
8917,1
8918,1
8919,0
8920,0
8921,1
8922,1
8923,1
8924,1
8925,0
8926,1
8927,1
8928,1
8929,1
8930,1
8931,1
8932,0
8933,0
8934,0
8935,1
8936,1
8937,1
8938,1
8939,0
8940,1
8941,1
8942,0
8943,0
8944,1
8945,0
8946,0
8947,0
8948,1
8949,1
8950,1
8951,1
8952,0
8953,1
8954,1
8955,0
8956,1
8957,1
8958,0
8959,1
8960,1
8961,1
8962,0
8963,0
8964,0
8965,0
8966,1
8967,0
8968,1
8969,0
8970,1
8971,1
8972,1
8973,1
8974,1
8975,0
8976,1
8977,1
8978,1
8979,1
8980,0
8981,1
8982,1
8983,1
8984,0
8985,1
8986,1
8987,1
8988,0
8989,1
8990,1
8991,1
8992,0
8993,1
8994,0
8995,1
8996,1
8997,1
8998,1
8999,1
9000,0
9001,0
9002,1
9003,1
9004,1
9005,1
9006,1
9007,1
9008,1
9009,1
9010,0
9011,1
9012,1
9013,1
9014,0
9015,1
9016,1
9017,1
9018,0
9019,1
9020,0
9021,1
9022,1
9023,1
9024,0
9025,0
9026,0
9027,1
9028,1
9029,1
9030,0
9031,1
9032,1
9033,1
9034,1
9035,1
9036,1
9037,1
9038,1
9039,1
9040,1
9041,1
9042,0
9043,1
9044,0
9045,0
9046,0
9047,0
9048,1
9049,1
9050,1
9051,1
9052,0
9053,1
9054,1
9055,1
9056,1
9057,0
9058,1
9059,0
9060,1
9061,0
9062,1
9063,1
9064,1
9065,1
9066,0
9067,1
9068,1
9069,1
9070,1
9071,1
9072,1
9073,0
9074,1
9075,0
9076,0
9077,0
9078,0
9079,1
9080,0
9081,0
9082,1
9083,1
9084,0
9085,1
9086,0
9087,1
9088,1
9089,0
9090,1
9091,0
9092,1
9093,1
9094,1
9095,0
9096,1
9097,1
9098,0
9099,0
9100,0
9101,0
9102,1
9103,0
9104,1
9105,1
9106,1
9107,1
9108,1
9109,1
9110,1
9111,1
9112,1
9113,0
9114,1
9115,1
9116,1
9117,0
9118,0
9119,0
9120,1
9121,1
9122,0
9123,1
9124,1
9125,0
9126,1
9127,1
9128,0
9129,1
9130,1
9131,1
9132,1
9133,0
9134,0
9135,1
9136,1
9137,1
9138,0
9139,1
9140,1
9141,1
9142,1
9143,0
9144,1
9145,1
9146,1
9147,0
9148,1
9149,0
9150,0
9151,1
9152,1
9153,0
9154,1
9155,1
9156,1
9157,1
9158,0
9159,1
9160,1
9161,0
9162,0
9163,0
9164,1
9165,1
9166,0
9167,1
9168,0
9169,1
9170,1
9171,0
9172,0
9173,1
9174,0
9175,0
9176,1
9177,1
9178,1
9179,1
9180,1
9181,1
9182,0
9183,1
9184,1
9185,1
9186,1
9187,0
9188,1
9189,1
9190,1
9191,1
9192,1
9193,1
9194,1
9195,1
9196,1
9197,0
9198,0
9199,1
9200,0
9201,0
9202,0
9203,1
9204,1
9205,1
9206,1
9207,1
9208,1
9209,1
9210,1
9211,1
9212,0
9213,1
9214,0
9215,1
9216,1
9217,1
9218,0
9219,0
9220,0
9221,1
9222,1
9223,0
9224,0
9225,0
9226,0
9227,1
9228,0
9229,1
9230,0
9231,0
9232,0
9233,1
9234,1
9235,1
9236,0
9237,1
9238,1
9239,1
9240,0
9241,1
9242,1
9243,0
9244,0
9245,1
9246,0
9247,0
9248,1
9249,0
9250,1
9251,0
9252,1
9253,1
9254,0
9255,1
9256,1
9257,1
9258,0
9259,1
9260,1
9261,1
9262,1
9263,0
9264,0
9265,1
9266,0
9267,0
9268,1
9269,0
9270,0
9271,1
9272,1
9273,1
9274,0
9275,0
9276,0
9277,1
9278,0
9279,1
9280,0
9281,1
9282,1
9283,1
9284,1
9285,0
9286,1
9287,0
9288,1
9289,0
9290,1
9291,1
9292,0
9293,1
9294,1
9295,0
9296,1
9297,1
9298,1
9299,1
9300,1
9301,0
9302,0
9303,0
9304,1
9305,1
9306,1
9307,1
9308,0
9309,0
9310,0
9311,1
9312,1
9313,0
9314,0
9315,0
9316,1
9317,0
9318,1
9319,1
9320,0
9321,1
9322,0
9323,1
9324,1
9325,1
9326,0
9327,1
9328,1
9329,1
9330,0
9331,0
9332,0
9333,1
9334,0
9335,1
9336,1
9337,0
9338,0
9339,1
9340,0
9341,1
9342,1
9343,1
9344,0
9345,1
9346,1
9347,1
9348,1
9349,1
9350,1
9351,1
9352,1
9353,1
9354,1
9355,1
9356,1
9357,1
9358,1
9359,1
9360,1
9361,1
9362,0
9363,0
9364,0
9365,1
9366,1
9367,0
9368,0
9369,0
9370,1
9371,1
9372,1
9373,1
9374,0
9375,1
9376,1
9377,1
9378,0
9379,0
9380,0
9381,0
9382,0
9383,1
9384,1
9385,0
9386,1
9387,0
9388,1
9389,1
9390,0
9391,0
9392,0
9393,1
9394,1
9395,0
9396,0
9397,0
9398,1
9399,0
9400,1
9401,1
9402,0
9403,1
9404,1
9405,1
9406,0
9407,0
9408,1
9409,1
9410,0
9411,0
9412,1
9413,1
9414,0
9415,0
9416,1
9417,1
9418,1
9419,0
9420,1
9421,1
9422,1
9423,1
9424,1
9425,0
9426,1
9427,1
9428,1
9429,1
9430,1
9431,1
9432,1
9433,0
9434,0
9435,0
9436,1
9437,0
9438,1
9439,0
9440,0
9441,0
9442,0
9443,1
9444,1
9445,1
9446,1
9447,1
9448,0
9449,1
9450,1
9451,1
9452,1
9453,1
9454,1
9455,1
9456,1
9457,1
9458,1
9459,1
9460,1
9461,1
9462,0
9463,0
9464,1
9465,1
9466,0
9467,0
9468,1
9469,1
9470,1
9471,1
9472,0
9473,0
9474,1
9475,1
9476,0
9477,1
9478,0
9479,1
9480,1
9481,1
9482,1
9483,1
9484,1
9485,0
9486,1
9487,1
9488,1
9489,1
9490,1
9491,1
9492,1
9493,1
9494,1
9495,1
9496,1
9497,1
9498,0
9499,1
9500,1
9501,0
9502,0
9503,1
9504,0
9505,1
9506,0
9507,1
9508,1
9509,0
9510,1
9511,1
9512,1
9513,0
9514,1
9515,0
9516,1
9517,1
9518,0
9519,1
9520,1
9521,0
9522,1
9523,0
9524,1
9525,1
9526,0
9527,1
9528,1
9529,1
9530,1
9531,0
9532,1
9533,0
9534,1
9535,0
9536,1
9537,1
9538,1
9539,1
9540,0
9541,0
9542,1
9543,1
9544,1
9545,0
9546,1
9547,0
9548,1
9549,0
9550,1
9551,0
9552,0
9553,1
9554,0
9555,1
9556,0
9557,1
9558,1
9559,1
9560,1
9561,1
9562,0
9563,1
9564,1
9565,1
9566,0
9567,1
9568,0
9569,0
9570,1
9571,1
9572,1
9573,1
9574,1
9575,1
9576,0
9577,0
9578,0
9579,0
9580,1
9581,1
9582,1
9583,0
9584,0
9585,0
9586,0
9587,1
9588,0
9589,1
9590,1
9591,1
9592,0
9593,1
9594,0
9595,1
9596,1
9597,1
9598,1
9599,1
9600,0
9601,1
9602,1
9603,1
9604,1
9605,0
9606,1
9607,1
9608,1
9609,1
9610,1
9611,1
9612,0
9613,1
9614,1
9615,1
9616,1
9617,1
9618,0
9619,1
9620,1
9621,1
9622,1
9623,1
9624,0
9625,1
9626,1
9627,0
9628,0
9629,1
9630,0
9631,0
9632,0
9633,0
9634,1
9635,0
9636,0
9637,1
9638,1
9639,1
9640,1
9641,0
9642,1
9643,1
9644,1
9645,1
9646,1
9647,0
9648,0
9649,1
9650,1
9651,1
9652,0
9653,0
9654,1
9655,0
9656,1
9657,1
9658,1
9659,1
9660,1
9661,1
9662,0
9663,1
9664,1
9665,0
9666,0
9667,1
9668,1
9669,0
9670,1
9671,1
9672,1
9673,1
9674,0
9675,0
9676,1
9677,1
9678,1
9679,1
9680,1
9681,1
9682,1
9683,0
9684,1
9685,1
9686,0
9687,0
9688,0
9689,1
9690,0
9691,1
9692,0
9693,1
9694,1
9695,1
9696,1
9697,1
9698,1
9699,1
9700,1
9701,1
9702,1
9703,0
9704,0
9705,1
9706,0
9707,1
9708,1
9709,1
9710,1
9711,1
9712,1
9713,1
9714,1
9715,1
9716,0
9717,0
9718,1
9719,1
9720,1
9721,0
9722,0
9723,1
9724,1
9725,1
9726,1
9727,0
9728,1
9729,1
9730,1
9731,1
9732,0
9733,0
9734,1
9735,1
9736,1
9737,1
9738,0
9739,1
9740,1
9741,1
9742,0
9743,0
9744,0
9745,1
9746,1
9747,1
9748,0
9749,0
9750,1
9751,1
9752,0
9753,1
9754,1
9755,0
9756,0
9757,0
9758,1
9759,0
9760,1
9761,1
9762,1
9763,1
9764,1
9765,1
9766,0
9767,1
9768,1
9769,0
9770,1
9771,1
9772,0
9773,1
9774,0
9775,0
9776,1
9777,0
9778,0
9779,1
9780,1
9781,1
9782,1
9783,1
9784,1
9785,1
9786,0
9787,1
9788,0
9789,1
9790,1
9791,0
9792,1
9793,1
9794,1
9795,1
9796,1
9797,0
9798,1
9799,1
9800,1
9801,1
9802,0
9803,1
9804,0
9805,0
9806,1
9807,1
9808,1
9809,1
9810,1
9811,1
9812,1
9813,0
9814,0
9815,0
9816,1
9817,0
9818,1
9819,1
9820,0
9821,0
9822,1
9823,0
9824,0
9825,1
9826,1
9827,1
9828,1
9829,1
9830,1
9831,1
9832,1
9833,1
9834,0
9835,1
9836,1
9837,0
9838,1
9839,1
9840,1
9841,1
9842,1
9843,1
9844,1
9845,1
9846,1
9847,1
9848,1
9849,1
9850,1
9851,0
9852,1
9853,1
9854,1
9855,1
9856,1
9857,1
9858,1
9859,1
9860,1
9861,1
9862,1
9863,1
9864,1
9865,1
9866,1
9867,0
9868,0
9869,1
9870,0
9871,0
9872,1
9873,1
9874,0
9875,1
9876,0
9877,1
9878,1
9879,0
9880,1
9881,1
9882,0
9883,1
9884,1
9885,0
9886,0
9887,1
9888,1
9889,0
9890,1
9891,1
9892,1
9893,1
9894,1
9895,1
9896,1
9897,0
9898,1
9899,1
9900,0
9901,1
9902,0
9903,1
9904,1
9905,0
9906,1
9907,0
9908,1
9909,0
9910,1
9911,0
9912,0
9913,1
9914,0
9915,0
9916,0
9917,1
9918,0
9919,0
9920,0
9921,1
9922,1
9923,1
9924,1
9925,1
9926,1
9927,0
9928,1
9929,1
9930,0
9931,1
9932,1
9933,0
9934,1
9935,0
9936,0
9937,1
9938,1
9939,0
9940,1
9941,1
9942,0
9943,1
9944,0
9945,0
9946,0
9947,0
9948,1
9949,0
9950,0
9951,1
9952,1
9953,0
9954,1
9955,0
9956,0
9957,0
9958,0
9959,1
9960,1
9961,1
9962,1
9963,1
9964,1
9965,1
9966,0
9967,1
9968,1
9969,1
9970,1
9971,1
9972,1
9973,0
9974,0
9975,1
9976,1
9977,0
9978,0
9979,1
9980,0
9981,0
9982,0
9983,1
9984,0
9985,1
9986,1
9987,1
9988,1
9989,0
9990,1
9991,1
9992,0
9993,1
9994,0
9995,0
9996,1
9997,1
9998,1
9999,0
